{
  "installed_apps_v2": [
    {
      "name": "ResearchGate",
      "added_timestamp": 0,
      "user_app_scoped_id": 1916468485245820,
      "category": "removed",
      "removed_timestamp": 1455921138
    },
    {
      "name": "THRED",
      "added_timestamp": 0,
      "user_app_scoped_id": 1869517633274239,
      "category": "removed",
      "removed_timestamp": 1455921146
    },
    {
      "name": "LightInTheBox.com",
      "added_timestamp": 0,
      "user_app_scoped_id": 4124900481069265,
      "category": "removed",
      "removed_timestamp": 1455921153
    },
    {
      "name": "LocAZu",
      "added_timestamp": 0,
      "user_app_scoped_id": 4124900491069264,
      "category": "removed",
      "removed_timestamp": 1455921157
    },
    {
      "name": "Pacer App",
      "added_timestamp": 0,
      "user_app_scoped_id": 1768514796707857,
      "category": "removed",
      "removed_timestamp": 1455921162
    },
    {
      "name": "nice",
      "added_timestamp": 0,
      "user_app_scoped_id": 1764068987152438,
      "category": "removed",
      "removed_timestamp": 1455921163
    },
    {
      "name": "\u00e7\u00be\u008e\u00e6\u008b\u008d",
      "added_timestamp": 0,
      "user_app_scoped_id": 4124900484402598,
      "category": "removed",
      "removed_timestamp": 1455921171
    },
    {
      "name": "Talentoday.com",
      "added_timestamp": 0,
      "user_app_scoped_id": 4124900487735931,
      "category": "removed",
      "removed_timestamp": 1455921173
    },
    {
      "name": "Fontli",
      "added_timestamp": 0,
      "user_app_scoped_id": 4124900477735932,
      "category": "removed",
      "removed_timestamp": 1455921174
    },
    {
      "name": "Minion Rush",
      "added_timestamp": 0,
      "user_app_scoped_id": 4124900494402597,
      "category": "removed",
      "removed_timestamp": 1455921181
    },
    {
      "name": "Communities.ca",
      "added_timestamp": 0,
      "user_app_scoped_id": 3186798528212803,
      "category": "removed",
      "removed_timestamp": 1585175196
    },
    {
      "name": "MapMyWalk",
      "added_timestamp": 0,
      "user_app_scoped_id": 3095077740718216,
      "category": "removed",
      "removed_timestamp": 1585175240
    },
    {
      "name": "Logojoy",
      "added_timestamp": 0,
      "user_app_scoped_id": 3121569661402357,
      "category": "removed",
      "removed_timestamp": 1585175240
    },
    {
      "name": "Mackeeper Account",
      "added_timestamp": 0,
      "user_app_scoped_id": 2210403965852269,
      "category": "removed",
      "removed_timestamp": 1585175240
    },
    {
      "name": "User Login",
      "added_timestamp": 0,
      "user_app_scoped_id": 3388193691406618,
      "category": "removed",
      "removed_timestamp": 1650343971
    },
    {
      "name": "Birthdays",
      "added_timestamp": 1381359598,
      "user_app_scoped_id": 4124900457735934,
      "category": "inactive",
      "removed_timestamp": 0
    },
    {
      "name": "Birthdays",
      "added_timestamp": 1385328870,
      "user_app_scoped_id": 4124900464402600,
      "category": "inactive",
      "removed_timestamp": 0
    },
    {
      "name": "Khan Academy",
      "added_timestamp": 1387002521,
      "user_app_scoped_id": 4124900447735935,
      "category": "inactive",
      "removed_timestamp": 0
    },
    {
      "name": "Chegg",
      "added_timestamp": 1389982757,
      "user_app_scoped_id": 4124900467735933,
      "category": "inactive",
      "removed_timestamp": 0
    },
    {
      "name": "Scribd",
      "added_timestamp": 1394236186,
      "user_app_scoped_id": 4124900461069267,
      "category": "inactive",
      "removed_timestamp": 0
    },
    {
      "name": "SurveyMonkey",
      "added_timestamp": 1417135895,
      "user_app_scoped_id": 1736200333272637,
      "category": "inactive",
      "removed_timestamp": 0
    },
    {
      "name": "Runtastic Sleep Better",
      "added_timestamp": 1418634418,
      "user_app_scoped_id": 4124900471069266,
      "category": "inactive",
      "removed_timestamp": 0
    },
    {
      "name": "macOS",
      "added_timestamp": 1428527753,
      "user_app_scoped_id": 4124900444402602,
      "category": "inactive",
      "removed_timestamp": 0
    },
    {
      "name": "OneClass",
      "added_timestamp": 1431419422,
      "user_app_scoped_id": 1845496112343058,
      "category": "inactive",
      "removed_timestamp": 0
    },
    {
      "name": "Booking.com",
      "added_timestamp": 1435559711,
      "user_app_scoped_id": 1869909439901725,
      "category": "inactive",
      "removed_timestamp": 0
    },
    {
      "name": "Slader",
      "added_timestamp": 1437677293,
      "user_app_scoped_id": 1881459895413346,
      "category": "inactive",
      "removed_timestamp": 0
    },
    {
      "name": "Quizlet",
      "added_timestamp": 1441992406,
      "user_app_scoped_id": 1906058429620159,
      "category": "inactive",
      "removed_timestamp": 0
    },
    {
      "name": "Starbucks",
      "added_timestamp": 1444454896,
      "user_app_scoped_id": 1918445608381441,
      "category": "active",
      "removed_timestamp": 0
    },
    {
      "name": "Gliffy",
      "added_timestamp": 1445201901,
      "user_app_scoped_id": 1921897708036231,
      "category": "inactive",
      "removed_timestamp": 0
    },
    {
      "name": "Course Hero",
      "added_timestamp": 1445971520,
      "user_app_scoped_id": 1925076244385044,
      "category": "active",
      "removed_timestamp": 0
    },
    {
      "name": "HackerRank",
      "added_timestamp": 1448496481,
      "user_app_scoped_id": 1935723769986958,
      "category": "inactive",
      "removed_timestamp": 0
    },
    {
      "name": "Skype",
      "added_timestamp": 1455178064,
      "user_app_scoped_id": 1584401268452545,
      "category": "inactive",
      "removed_timestamp": 0
    },
    {
      "name": "Roomster - Apartments, Roommates",
      "added_timestamp": 1455654216,
      "user_app_scoped_id": 1977341442491857,
      "category": "inactive",
      "removed_timestamp": 0
    },
    {
      "name": "Walkr",
      "added_timestamp": 1456367084,
      "user_app_scoped_id": 1981407722085229,
      "category": "inactive",
      "removed_timestamp": 0
    },
    {
      "name": "BodySpace",
      "added_timestamp": 1457423810,
      "user_app_scoped_id": 1987654488127219,
      "category": "active",
      "removed_timestamp": 0
    },
    {
      "name": "Adobe Photoshop Express",
      "added_timestamp": 1459310981,
      "user_app_scoped_id": 2004017716490896,
      "category": "inactive",
      "removed_timestamp": 0
    },
    {
      "name": "Fido",
      "added_timestamp": 1472946964,
      "user_app_scoped_id": 2099085783650755,
      "category": "inactive",
      "removed_timestamp": 0
    },
    {
      "name": "Raange Prod Broken",
      "added_timestamp": 1473382562,
      "user_app_scoped_id": 2102366873322646,
      "category": "inactive",
      "removed_timestamp": 0
    },
    {
      "name": "MacUpdate",
      "added_timestamp": 1473394594,
      "user_app_scoped_id": 2102435876649079,
      "category": "inactive",
      "removed_timestamp": 0
    },
    {
      "name": "ACTIVE.com",
      "added_timestamp": 1474310847,
      "user_app_scoped_id": 2109444135948253,
      "category": "inactive",
      "removed_timestamp": 0
    },
    {
      "name": "Stack Exchange",
      "added_timestamp": 1474525774,
      "user_app_scoped_id": 2111053749120625,
      "category": "inactive",
      "removed_timestamp": 0
    },
    {
      "name": "StudyMode.com",
      "added_timestamp": 1478490915,
      "user_app_scoped_id": 2145200879039245,
      "category": "inactive",
      "removed_timestamp": 0
    },
    {
      "name": "Steam",
      "added_timestamp": 1478854581,
      "user_app_scoped_id": 2148389618720371,
      "category": "inactive",
      "removed_timestamp": 0
    },
    {
      "name": "Coursera",
      "added_timestamp": 1481406111,
      "user_app_scoped_id": 2172231176336215,
      "category": "inactive",
      "removed_timestamp": 0
    },
    {
      "name": "Solution Inn Login",
      "added_timestamp": 1482350776,
      "user_app_scoped_id": 2180433835515949,
      "category": "inactive",
      "removed_timestamp": 0
    },
    {
      "name": "Tripadvisor",
      "added_timestamp": 1482558371,
      "user_app_scoped_id": 2181944848698181,
      "category": "inactive",
      "removed_timestamp": 0
    },
    {
      "name": "Uber",
      "added_timestamp": 1482901883,
      "user_app_scoped_id": 2184626885096644,
      "category": "active",
      "removed_timestamp": 0
    },
    {
      "name": "SocialSign.in",
      "added_timestamp": 1482970613,
      "user_app_scoped_id": 2185208631705136,
      "category": "inactive",
      "removed_timestamp": 0
    },
    {
      "name": "WeChat",
      "added_timestamp": 1485932937,
      "user_app_scoped_id": 2210493712509961,
      "category": "inactive",
      "removed_timestamp": 0
    },
    {
      "name": "Pinterest",
      "added_timestamp": 1489827345,
      "user_app_scoped_id": 1842857165940286,
      "category": "inactive",
      "removed_timestamp": 0
    },
    {
      "name": "FREE NOW",
      "added_timestamp": 1502095386,
      "user_app_scoped_id": 2353950508164280,
      "category": "inactive",
      "removed_timestamp": 0
    },
    {
      "name": "adidas",
      "added_timestamp": 1502399995,
      "user_app_scoped_id": 2356346717924659,
      "category": "inactive",
      "removed_timestamp": 0
    },
    {
      "name": "Nike.com",
      "added_timestamp": 1502404170,
      "user_app_scoped_id": 2356374311255233,
      "category": "inactive",
      "removed_timestamp": 0
    },
    {
      "name": "Hub One",
      "added_timestamp": 1502479175,
      "user_app_scoped_id": 2357012284524769,
      "category": "inactive",
      "removed_timestamp": 0
    },
    {
      "name": "GetYourGuide",
      "added_timestamp": 1502655223,
      "user_app_scoped_id": 2358437191048945,
      "category": "inactive",
      "removed_timestamp": 0
    },
    {
      "name": "Omio",
      "added_timestamp": 1502702990,
      "user_app_scoped_id": 2358806331012031,
      "category": "inactive",
      "removed_timestamp": 0
    },
    {
      "name": "Inbound Login",
      "added_timestamp": 1503786429,
      "user_app_scoped_id": 2366974636861867,
      "category": "inactive",
      "removed_timestamp": 0
    },
    {
      "name": "thredUP",
      "added_timestamp": 1504032136,
      "user_app_scoped_id": 2368695946689736,
      "category": "inactive",
      "removed_timestamp": 0
    },
    {
      "name": "Life Cycle",
      "added_timestamp": 1504483463,
      "user_app_scoped_id": 2372087806350550,
      "category": "inactive",
      "removed_timestamp": 0
    },
    {
      "name": "OneClass",
      "added_timestamp": 1504586731,
      "user_app_scoped_id": 2372818699610794,
      "category": "inactive",
      "removed_timestamp": 0
    },
    {
      "name": "Adobe",
      "added_timestamp": 1506055804,
      "user_app_scoped_id": 2382833295276001,
      "category": "inactive",
      "removed_timestamp": 0
    },
    {
      "name": "WWWBEDBATHANDBEYONDCA",
      "added_timestamp": 1506231613,
      "user_app_scoped_id": 2384013748491289,
      "category": "inactive",
      "removed_timestamp": 0
    },
    {
      "name": "Medium",
      "added_timestamp": 1507420140,
      "user_app_scoped_id": 2392401827652481,
      "category": "active",
      "removed_timestamp": 0
    },
    {
      "name": "imATHLETE Staging",
      "added_timestamp": 1507536796,
      "user_app_scoped_id": 2393194380906559,
      "category": "inactive",
      "removed_timestamp": 0
    },
    {
      "name": "adidas Runtastic",
      "added_timestamp": 1507601450,
      "user_app_scoped_id": 1856094031283266,
      "category": "inactive",
      "removed_timestamp": 0
    },
    {
      "name": "YSL Canada",
      "added_timestamp": 1508918186,
      "user_app_scoped_id": 2402853449940652,
      "category": "inactive",
      "removed_timestamp": 0
    },
    {
      "name": "Apple Music",
      "added_timestamp": 1510809997,
      "user_app_scoped_id": 2416731278552869,
      "category": "inactive",
      "removed_timestamp": 0
    },
    {
      "name": "Timeplay Inc.",
      "added_timestamp": 1513645670,
      "user_app_scoped_id": 2439805212912142,
      "category": "inactive",
      "removed_timestamp": 0
    },
    {
      "name": "MyParagon",
      "added_timestamp": 1513929728,
      "user_app_scoped_id": 2418590905033573,
      "category": "inactive",
      "removed_timestamp": 0
    },
    {
      "name": "Resume.io",
      "added_timestamp": 1514659094,
      "user_app_scoped_id": 2447641205461876,
      "category": "inactive",
      "removed_timestamp": 0
    },
    {
      "name": "Workopolis-Connect-Production",
      "added_timestamp": 1515813416,
      "user_app_scoped_id": 2456716361221027,
      "category": "inactive",
      "removed_timestamp": 0
    },
    {
      "name": "laoyouka",
      "added_timestamp": 1515928845,
      "user_app_scoped_id": 2457593357799994,
      "category": "active",
      "removed_timestamp": 0
    },
    {
      "name": "DataCamp",
      "added_timestamp": 1516133090,
      "user_app_scoped_id": 2459189750973688,
      "category": "inactive",
      "removed_timestamp": 0
    },
    {
      "name": "wearetests.com",
      "added_timestamp": 1520057709,
      "user_app_scoped_id": 2492815470944449,
      "category": "inactive",
      "removed_timestamp": 0
    },
    {
      "name": "Weibo",
      "added_timestamp": 1520907228,
      "user_app_scoped_id": 1790699181156085,
      "category": "inactive",
      "removed_timestamp": 0
    },
    {
      "name": "Raw Shorts - Make videos online",
      "added_timestamp": 1522019713,
      "user_app_scoped_id": 2510010652558264,
      "category": "inactive",
      "removed_timestamp": 0
    },
    {
      "name": "Glassdoor",
      "added_timestamp": 1522813394,
      "user_app_scoped_id": 2516767951882534,
      "category": "inactive",
      "removed_timestamp": 0
    },
    {
      "name": "Cineplex Connect",
      "added_timestamp": 1523761149,
      "user_app_scoped_id": 2130739537152046,
      "category": "inactive",
      "removed_timestamp": 0
    },
    {
      "name": "Udemy",
      "added_timestamp": 1524172840,
      "user_app_scoped_id": 2115319765360690,
      "category": "active",
      "removed_timestamp": 0
    },
    {
      "name": "Aritzia",
      "added_timestamp": 1524478882,
      "user_app_scoped_id": 2140492256176774,
      "category": "inactive",
      "removed_timestamp": 0
    },
    {
      "name": "Indeed",
      "added_timestamp": 1524860275,
      "user_app_scoped_id": 2456611944564802,
      "category": "inactive",
      "removed_timestamp": 0
    },
    {
      "name": "\u00e5\u00b0\u008f\u00e7\u00ba\u00a2\u00e4\u00b9\u00a6",
      "added_timestamp": 1525982502,
      "user_app_scoped_id": 2543000645925931,
      "category": "inactive",
      "removed_timestamp": 0
    },
    {
      "name": "PUBG Mobile",
      "added_timestamp": 1526087064,
      "user_app_scoped_id": 2543826455843350,
      "category": "inactive",
      "removed_timestamp": 0
    },
    {
      "name": "Airbnb",
      "added_timestamp": 1527038610,
      "user_app_scoped_id": 2103674723191861,
      "category": "active",
      "removed_timestamp": 0
    },
    {
      "name": "Canadian Red Cross",
      "added_timestamp": 1527578697,
      "user_app_scoped_id": 2556631044562891,
      "category": "inactive",
      "removed_timestamp": 0
    },
    {
      "name": "Flaticon",
      "added_timestamp": 1528483497,
      "user_app_scoped_id": 2565007487058580,
      "category": "inactive",
      "removed_timestamp": 0
    },
    {
      "name": "LinkedIn",
      "added_timestamp": 1529690742,
      "user_app_scoped_id": 4124900451069268,
      "category": "inactive",
      "removed_timestamp": 0
    },
    {
      "name": "PadMapper Rentals",
      "added_timestamp": 1529823587,
      "user_app_scoped_id": 2581396462086349,
      "category": "inactive",
      "removed_timestamp": 0
    },
    {
      "name": "Beware 2",
      "added_timestamp": 1532900137,
      "user_app_scoped_id": 2625934220965906,
      "category": "active",
      "removed_timestamp": 0
    },
    {
      "name": "Ticketfly",
      "added_timestamp": 1535499490,
      "user_app_scoped_id": 2663244810568180,
      "category": "inactive",
      "removed_timestamp": 0
    },
    {
      "name": "Zomato",
      "added_timestamp": 1536042044,
      "user_app_scoped_id": 2667950133430981,
      "category": "inactive",
      "removed_timestamp": 0
    },
    {
      "name": "Guest WiFi",
      "added_timestamp": 1536754008,
      "user_app_scoped_id": 2673725632853431,
      "category": "inactive",
      "removed_timestamp": 0
    },
    {
      "name": "Agoda",
      "added_timestamp": 1537352514,
      "user_app_scoped_id": 2678718049020856,
      "category": "inactive",
      "removed_timestamp": 0
    },
    {
      "name": "Eventbrite",
      "added_timestamp": 1538511358,
      "user_app_scoped_id": 2688040621421932,
      "category": "inactive",
      "removed_timestamp": 0
    },
    {
      "name": "Microsoft Careers SocioWeb_Prod",
      "added_timestamp": 1538599314,
      "user_app_scoped_id": 2688704274688900,
      "category": "inactive",
      "removed_timestamp": 0
    },
    {
      "name": "Stocard - Loyalty Cards",
      "added_timestamp": 1539049745,
      "user_app_scoped_id": 2692561697636491,
      "category": "inactive",
      "removed_timestamp": 0
    },
    {
      "name": "SkipTheDishes",
      "added_timestamp": 1539836103,
      "user_app_scoped_id": 2699087283650599,
      "category": "inactive",
      "removed_timestamp": 0
    },
    {
      "name": "edX",
      "added_timestamp": 1540859170,
      "user_app_scoped_id": 2456711907888139,
      "category": "inactive",
      "removed_timestamp": 0
    },
    {
      "name": "SEVENROOMS",
      "added_timestamp": 1541236770,
      "user_app_scoped_id": 2710956435797017,
      "category": "inactive",
      "removed_timestamp": 0
    },
    {
      "name": "autoTRADER.ca Accounts",
      "added_timestamp": 1541723866,
      "user_app_scoped_id": 2715386482020679,
      "category": "inactive",
      "removed_timestamp": 0
    },
    {
      "name": "MyGoAbroad",
      "added_timestamp": 1541811786,
      "user_app_scoped_id": 2716257678600226,
      "category": "inactive",
      "removed_timestamp": 0
    },
    {
      "name": "freeCodeCamp.org",
      "added_timestamp": 1542173843,
      "user_app_scoped_id": 2719461981613129,
      "category": "inactive",
      "removed_timestamp": 0
    },
    {
      "name": "Busuu - learn languages",
      "added_timestamp": 1542259713,
      "user_app_scoped_id": 2720290598196934,
      "category": "inactive",
      "removed_timestamp": 0
    },
    {
      "name": "Ancestry",
      "added_timestamp": 1543387542,
      "user_app_scoped_id": 2730788087147185,
      "category": "active",
      "removed_timestamp": 0
    },
    {
      "name": "LINE",
      "added_timestamp": 1543572836,
      "user_app_scoped_id": 2732530013639659,
      "category": "active",
      "removed_timestamp": 0
    },
    {
      "name": "ZEPETO",
      "added_timestamp": 1543806607,
      "user_app_scoped_id": 2734932856732708,
      "category": "inactive",
      "removed_timestamp": 0
    },
    {
      "name": "Tasty",
      "added_timestamp": 1544406940,
      "user_app_scoped_id": 2741198392772821,
      "category": "inactive",
      "removed_timestamp": 0
    },
    {
      "name": "OpenTable",
      "added_timestamp": 1545337663,
      "user_app_scoped_id": 2750779468481380,
      "category": "inactive",
      "removed_timestamp": 0
    },
    {
      "name": "Quora",
      "added_timestamp": 1545556977,
      "user_app_scoped_id": 2753453621547298,
      "category": "active",
      "removed_timestamp": 0
    },
    {
      "name": "Zety",
      "added_timestamp": 1546675521,
      "user_app_scoped_id": 2764465577112769,
      "category": "inactive",
      "removed_timestamp": 0
    },
    {
      "name": "MINDBODY",
      "added_timestamp": 1547800429,
      "user_app_scoped_id": 2774859362740057,
      "category": "inactive",
      "removed_timestamp": 0
    },
    {
      "name": "Devpost",
      "added_timestamp": 1548625048,
      "user_app_scoped_id": 2782511948641465,
      "category": "inactive",
      "removed_timestamp": 0
    },
    {
      "name": "TED",
      "added_timestamp": 1549792391,
      "user_app_scoped_id": 2793359300890063,
      "category": "active",
      "removed_timestamp": 0
    },
    {
      "name": "MyFitnessPal",
      "added_timestamp": 1550130567,
      "user_app_scoped_id": 1768159903410013,
      "category": "inactive",
      "removed_timestamp": 0
    },
    {
      "name": "Todoist",
      "added_timestamp": 1550685785,
      "user_app_scoped_id": 2801640460061947,
      "category": "inactive",
      "removed_timestamp": 0
    },
    {
      "name": "Zumper Rentals",
      "added_timestamp": 1551140125,
      "user_app_scoped_id": 2805764169649576,
      "category": "inactive",
      "removed_timestamp": 0
    },
    {
      "name": "MyperfectResume",
      "added_timestamp": 1551577528,
      "user_app_scoped_id": 2809654355927224,
      "category": "inactive",
      "removed_timestamp": 0
    },
    {
      "name": "eatwith",
      "added_timestamp": 1552051228,
      "user_app_scoped_id": 2813639152195411,
      "category": "inactive",
      "removed_timestamp": 0
    },
    {
      "name": "HelloTalk",
      "added_timestamp": 1552141801,
      "user_app_scoped_id": 2814410175451642,
      "category": "inactive",
      "removed_timestamp": 0
    },
    {
      "name": "Meetup",
      "added_timestamp": 1552397224,
      "user_app_scoped_id": 2688085341417460,
      "category": "inactive",
      "removed_timestamp": 0
    },
    {
      "name": "GFN-Calculator-API",
      "added_timestamp": 1553328633,
      "user_app_scoped_id": 2824144161144910,
      "category": "inactive",
      "removed_timestamp": 0
    },
    {
      "name": "CodePen.io",
      "added_timestamp": 1555305083,
      "user_app_scoped_id": 2841983849360941,
      "category": "inactive",
      "removed_timestamp": 0
    },
    {
      "name": "SE Ranking",
      "added_timestamp": 1555897344,
      "user_app_scoped_id": 2847392638820062,
      "category": "inactive",
      "removed_timestamp": 0
    },
    {
      "name": "Voyagin",
      "added_timestamp": 1556069275,
      "user_app_scoped_id": 2849058808653445,
      "category": "inactive",
      "removed_timestamp": 0
    },
    {
      "name": "Tantan",
      "added_timestamp": 1556634211,
      "user_app_scoped_id": 2854421708117155,
      "category": "inactive",
      "removed_timestamp": 0
    },
    {
      "name": "Codecademy",
      "added_timestamp": 1556875602,
      "user_app_scoped_id": 2856665544559438,
      "category": "inactive",
      "removed_timestamp": 0
    },
    {
      "name": "Payscale",
      "added_timestamp": 1557458630,
      "user_app_scoped_id": 2862040170688642,
      "category": "inactive",
      "removed_timestamp": 0
    },
    {
      "name": "Make",
      "added_timestamp": 1557994679,
      "user_app_scoped_id": 2867139863512006,
      "category": "inactive",
      "removed_timestamp": 0
    },
    {
      "name": "Cisco DevNet",
      "added_timestamp": 1558682708,
      "user_app_scoped_id": 2873984072827585,
      "category": "inactive",
      "removed_timestamp": 0
    },
    {
      "name": "Yelp",
      "added_timestamp": 1562562451,
      "user_app_scoped_id": 2045314932361174,
      "category": "inactive",
      "removed_timestamp": 0
    },
    {
      "name": "STUDYBLUE",
      "added_timestamp": 1562605207,
      "user_app_scoped_id": 4124900454402601,
      "category": "inactive",
      "removed_timestamp": 0
    },
    {
      "name": "LeetCode",
      "added_timestamp": 1563054345,
      "user_app_scoped_id": 2376956272530370,
      "category": "inactive",
      "removed_timestamp": 0
    },
    {
      "name": "Likealyzer",
      "added_timestamp": 1563166293,
      "user_app_scoped_id": 2919635841595741,
      "category": "inactive",
      "removed_timestamp": 0
    },
    {
      "name": "Coffee Meets Bagel",
      "added_timestamp": 1564635581,
      "user_app_scoped_id": 2200307030195296,
      "category": "inactive",
      "removed_timestamp": 0
    },
    {
      "name": "Shopify Social Login",
      "added_timestamp": 1564868098,
      "user_app_scoped_id": 2936801636545828,
      "category": "inactive",
      "removed_timestamp": 0
    },
    {
      "name": "Udacity",
      "added_timestamp": 1565040584,
      "user_app_scoped_id": 2938475443045114,
      "category": "inactive",
      "removed_timestamp": 0
    },
    {
      "name": "datadotworld",
      "added_timestamp": 1565303883,
      "user_app_scoped_id": 2941012792791379,
      "category": "inactive",
      "removed_timestamp": 0
    },
    {
      "name": "eBay",
      "added_timestamp": 1565658156,
      "user_app_scoped_id": 2944596255766366,
      "category": "inactive",
      "removed_timestamp": 0
    },
    {
      "name": "myMoleskine",
      "added_timestamp": 1570773579,
      "user_app_scoped_id": 3001401100085881,
      "category": "inactive",
      "removed_timestamp": 0
    },
    {
      "name": "AngelList",
      "added_timestamp": 1576172588,
      "user_app_scoped_id": 3072982406261083,
      "category": "inactive",
      "removed_timestamp": 0
    },
    {
      "name": "Honey",
      "added_timestamp": 1577922061,
      "user_app_scoped_id": 3097766830449307,
      "category": "inactive",
      "removed_timestamp": 0
    },
    {
      "name": "ClassPass",
      "added_timestamp": 1581313601,
      "user_app_scoped_id": 3140583349500988,
      "category": "active",
      "removed_timestamp": 0
    },
    {
      "name": "Student Beans iD",
      "added_timestamp": 1584087251,
      "user_app_scoped_id": 3173361069556549,
      "category": "inactive",
      "removed_timestamp": 0
    },
    {
      "name": "MINDBODY",
      "added_timestamp": 1585423740,
      "user_app_scoped_id": 2368803260012338,
      "category": "inactive",
      "removed_timestamp": 0
    },
    {
      "name": "Sephora To Go",
      "added_timestamp": 1586055020,
      "user_app_scoped_id": 3197742213785101,
      "category": "active",
      "removed_timestamp": 0
    },
    {
      "name": "SportChek App",
      "added_timestamp": 1586584760,
      "user_app_scoped_id": 2002154353343899,
      "category": "inactive",
      "removed_timestamp": 0
    },
    {
      "name": "LintCode",
      "added_timestamp": 1587872184,
      "user_app_scoped_id": 3220026898223299,
      "category": "inactive",
      "removed_timestamp": 0
    },
    {
      "name": "Balance",
      "added_timestamp": 1589091759,
      "user_app_scoped_id": 3234253423467313,
      "category": "inactive",
      "removed_timestamp": 0
    },
    {
      "name": "MapMyRun",
      "added_timestamp": 1589249103,
      "user_app_scoped_id": 3236164519942870,
      "category": "inactive",
      "removed_timestamp": 0
    },
    {
      "name": "Runkeeper",
      "added_timestamp": 1589249478,
      "user_app_scoped_id": 3236168999942422,
      "category": "inactive",
      "removed_timestamp": 0
    },
    {
      "name": "RoK",
      "added_timestamp": 1589418528,
      "user_app_scoped_id": 3238271636398825,
      "category": "active",
      "removed_timestamp": 0
    },
    {
      "name": "GoFundMe",
      "added_timestamp": 1590295648,
      "user_app_scoped_id": 3177959752430014,
      "category": "inactive",
      "removed_timestamp": 0
    },
    {
      "name": "Grammarly",
      "added_timestamp": 1590296665,
      "user_app_scoped_id": 2449857185240278,
      "category": "inactive",
      "removed_timestamp": 0
    },
    {
      "name": "Instacart",
      "added_timestamp": 1593028727,
      "user_app_scoped_id": 3281290752096913,
      "category": "inactive",
      "removed_timestamp": 0
    },
    {
      "name": "Jane Software Inc.",
      "added_timestamp": 1594251748,
      "user_app_scoped_id": 3084068071819183,
      "category": "inactive",
      "removed_timestamp": 0
    },
    {
      "name": "Flipboard",
      "added_timestamp": 1594407144,
      "user_app_scoped_id": 1584429035116435,
      "category": "inactive",
      "removed_timestamp": 0
    },
    {
      "name": "Wix",
      "added_timestamp": 1595992875,
      "user_app_scoped_id": 2453861981506465,
      "category": "inactive",
      "removed_timestamp": 0
    },
    {
      "name": "Dynamite",
      "added_timestamp": 1596071155,
      "user_app_scoped_id": 3317524055140249,
      "category": "inactive",
      "removed_timestamp": 0
    },
    {
      "name": "Squarespace Login",
      "added_timestamp": 1596164659,
      "user_app_scoped_id": 3318656278360360,
      "category": "inactive",
      "removed_timestamp": 0
    },
    {
      "name": "MyperfectCoverLetter",
      "added_timestamp": 1598566692,
      "user_app_scoped_id": 3347744385451549,
      "category": "inactive",
      "removed_timestamp": 0
    },
    {
      "name": "HackerEarth",
      "added_timestamp": 1598895396,
      "user_app_scoped_id": 3351739071718747,
      "category": "inactive",
      "removed_timestamp": 0
    },
    {
      "name": "Duolingo",
      "added_timestamp": 1601278420,
      "user_app_scoped_id": 3380060865553234,
      "category": "inactive",
      "removed_timestamp": 0
    },
    {
      "name": "zoom.us",
      "added_timestamp": 1603158415,
      "user_app_scoped_id": 3143529942539662,
      "category": "active",
      "removed_timestamp": 0
    },
    {
      "name": "Pramp",
      "added_timestamp": 1608280986,
      "user_app_scoped_id": 3462136777345642,
      "category": "inactive",
      "removed_timestamp": 0
    },
    {
      "name": "Click & Grow User login",
      "added_timestamp": 1608532732,
      "user_app_scoped_id": 3464824753743511,
      "category": "inactive",
      "removed_timestamp": 0
    },
    {
      "name": "Triangle",
      "added_timestamp": 1612326180,
      "user_app_scoped_id": 3502848306607822,
      "category": "inactive",
      "removed_timestamp": 0
    },
    {
      "name": "Spotify",
      "added_timestamp": 1613606183,
      "user_app_scoped_id": 1590499284509410,
      "category": "inactive",
      "removed_timestamp": 0
    },
    {
      "name": "VoucherCart - Scheduler",
      "added_timestamp": 1615100534,
      "user_app_scoped_id": 3528912757334710,
      "category": "inactive",
      "removed_timestamp": 0
    },
    {
      "name": "Etsy",
      "added_timestamp": 1616529489,
      "user_app_scoped_id": 3543136062579046,
      "category": "inactive",
      "removed_timestamp": 0
    },
    {
      "name": "AliExpress",
      "added_timestamp": 1616732534,
      "user_app_scoped_id": 3545091292383523,
      "category": "inactive",
      "removed_timestamp": 0
    },
    {
      "name": "BlockSite",
      "added_timestamp": 1617002202,
      "user_app_scoped_id": 3547736475452338,
      "category": "inactive",
      "removed_timestamp": 0
    },
    {
      "name": "Alo Moves",
      "added_timestamp": 1619133293,
      "user_app_scoped_id": 3568702316689087,
      "category": "inactive",
      "removed_timestamp": 0
    },
    {
      "name": "EverHelper Auth",
      "added_timestamp": 1621923852,
      "user_app_scoped_id": 3596206673938651,
      "category": "inactive",
      "removed_timestamp": 0
    },
    {
      "name": "AllTrails",
      "added_timestamp": 1622959795,
      "user_app_scoped_id": 3606595362899782,
      "category": "active",
      "removed_timestamp": 0
    },
    {
      "name": "HelloFresh",
      "added_timestamp": 1623199009,
      "user_app_scoped_id": 3049010208658303,
      "category": "inactive",
      "removed_timestamp": 0
    },
    {
      "name": "TapIn",
      "added_timestamp": 1624339424,
      "user_app_scoped_id": 3619445428281442,
      "category": "inactive",
      "removed_timestamp": 0
    },
    {
      "name": "DoorDash",
      "added_timestamp": 1625638216,
      "user_app_scoped_id": 3632344610324857,
      "category": "inactive",
      "removed_timestamp": 0
    },
    {
      "name": "Vinted Canada",
      "added_timestamp": 1626680425,
      "user_app_scoped_id": 3642301589329159,
      "category": "inactive",
      "removed_timestamp": 0
    },
    {
      "name": "Knixwear",
      "added_timestamp": 1627597912,
      "user_app_scoped_id": 3651215198437798,
      "category": "inactive",
      "removed_timestamp": 0
    },
    {
      "name": "Realtor.ca",
      "added_timestamp": 1628145699,
      "user_app_scoped_id": 3235368343355821,
      "category": "inactive",
      "removed_timestamp": 0
    },
    {
      "name": "Expedia",
      "added_timestamp": 1629775039,
      "user_app_scoped_id": 2342392289320102,
      "category": "active",
      "removed_timestamp": 0
    },
    {
      "name": "Project Makeover",
      "added_timestamp": 1629793756,
      "user_app_scoped_id": 3672263829666268,
      "category": "inactive",
      "removed_timestamp": 0
    },
    {
      "name": "sims-mobile",
      "added_timestamp": 1629861599,
      "user_app_scoped_id": 3672922372933747,
      "category": "active",
      "removed_timestamp": 0
    },
    {
      "name": "Tock",
      "added_timestamp": 1634544044,
      "user_app_scoped_id": 3718064038419580,
      "category": "inactive",
      "removed_timestamp": 0
    },
    {
      "name": "Tinder",
      "added_timestamp": 1636181313,
      "user_app_scoped_id": 1629143797311625,
      "category": "inactive",
      "removed_timestamp": 0
    },
    {
      "name": "Hinge",
      "added_timestamp": 1636181509,
      "user_app_scoped_id": 3291603607732294,
      "category": "inactive",
      "removed_timestamp": 0
    },
    {
      "name": "CodeSignal",
      "added_timestamp": 1637830848,
      "user_app_scoped_id": 3750814081811242,
      "category": "inactive",
      "removed_timestamp": 0
    },
    {
      "name": "Vagaro",
      "added_timestamp": 1640052903,
      "user_app_scoped_id": 3771516666407650,
      "category": "inactive",
      "removed_timestamp": 0
    },
    {
      "name": "Communities",
      "added_timestamp": 1641364053,
      "user_app_scoped_id": 3784164025142914,
      "category": "inactive",
      "removed_timestamp": 0
    },
    {
      "name": "Bloom",
      "added_timestamp": 1642406777,
      "user_app_scoped_id": 3794048520821131,
      "category": "inactive",
      "removed_timestamp": 0
    },
    {
      "name": "FromTo",
      "added_timestamp": 1643401309,
      "user_app_scoped_id": 3803828013176515,
      "category": "active",
      "removed_timestamp": 0
    },
    {
      "name": "Guest WiFi Access",
      "added_timestamp": 1643507385,
      "user_app_scoped_id": 3804762173083099,
      "category": "inactive",
      "removed_timestamp": 0
    },
    {
      "name": "VSCO",
      "added_timestamp": 1643950361,
      "user_app_scoped_id": 1942229359336399,
      "category": "inactive",
      "removed_timestamp": 0
    },
    {
      "name": "MI.COM",
      "added_timestamp": 1644909199,
      "user_app_scoped_id": 3818342025058447,
      "category": "inactive",
      "removed_timestamp": 0
    },
    {
      "name": "EZVIZ APP",
      "added_timestamp": 1645503989,
      "user_app_scoped_id": 3824206631138653,
      "category": "active",
      "removed_timestamp": 0
    },
    {
      "name": "Agar.io",
      "added_timestamp": 1645589470,
      "user_app_scoped_id": 1883502295209106,
      "category": "active",
      "removed_timestamp": 0
    },
    {
      "name": "Himalaya Media",
      "added_timestamp": 1646247428,
      "user_app_scoped_id": 3831825397043443,
      "category": "inactive",
      "removed_timestamp": 0
    },
    {
      "name": "Design Home",
      "added_timestamp": 1646796294,
      "user_app_scoped_id": 3837234126502570,
      "category": "inactive",
      "removed_timestamp": 0
    },
    {
      "name": "\u00e6\u00b5\u00ae\u00e7\u0094\u009f\u00e4\u00b8\u00ba\u00e5\u008d\u00bf\u00e6\u00ad\u008c",
      "added_timestamp": 1646880791,
      "user_app_scoped_id": 3838175743075075,
      "category": "active",
      "removed_timestamp": 0
    },
    {
      "name": "liv.rent",
      "added_timestamp": 1647368700,
      "user_app_scoped_id": 3842942332598416,
      "category": "active",
      "removed_timestamp": 0
    },
    {
      "name": "Elfsight Dashboard Login",
      "added_timestamp": 1647925205,
      "user_app_scoped_id": 3848360888723227,
      "category": "inactive",
      "removed_timestamp": 0
    },
    {
      "name": "Groupon",
      "added_timestamp": 1650165654,
      "user_app_scoped_id": 1980381945521140,
      "category": "inactive",
      "removed_timestamp": 0
    },
    {
      "name": "Fiverr.com",
      "added_timestamp": 1656365771,
      "user_app_scoped_id": 3934569200102395,
      "category": "inactive",
      "removed_timestamp": 0
    },
    {
      "name": "Poshmark",
      "added_timestamp": 1656469606,
      "user_app_scoped_id": 3936350256590956,
      "category": "inactive",
      "removed_timestamp": 0
    },
    {
      "name": "GeeksforGeeks",
      "added_timestamp": 1658560441,
      "user_app_scoped_id": 3957671011125547,
      "category": "inactive",
      "removed_timestamp": 0
    },
    {
      "name": "Booksrun.com",
      "added_timestamp": 1658701646,
      "user_app_scoped_id": 3959058530986795,
      "category": "inactive",
      "removed_timestamp": 0
    },
    {
      "name": "Parallels",
      "added_timestamp": 1658784751,
      "user_app_scoped_id": 3959838110908837,
      "category": "inactive",
      "removed_timestamp": 0
    },
    {
      "name": "Vestiaire Collective",
      "added_timestamp": 1659136689,
      "user_app_scoped_id": 3963231767236138,
      "category": "inactive",
      "removed_timestamp": 0
    },
    {
      "name": "Phrase",
      "added_timestamp": 1661808149,
      "user_app_scoped_id": 3988642891361692,
      "category": "inactive",
      "removed_timestamp": 0
    },
    {
      "name": "ITour Translator",
      "added_timestamp": 1661808397,
      "user_app_scoped_id": 3988644821361499,
      "category": "inactive",
      "removed_timestamp": 0
    },
    {
      "name": "TikTok",
      "added_timestamp": 1663514177,
      "user_app_scoped_id": 3139757599583563,
      "category": "active",
      "removed_timestamp": 0
    },
    {
      "name": "AlgoExpert",
      "added_timestamp": 1667651343,
      "user_app_scoped_id": 4053844321508215,
      "category": "active",
      "removed_timestamp": 0
    },
    {
      "name": "airSlate-PDFfiller-SignNow App",
      "added_timestamp": 1668169136,
      "user_app_scoped_id": 4059346437624670,
      "category": "active",
      "removed_timestamp": 0
    },
    {
      "name": "Goodreads",
      "added_timestamp": 1669722799,
      "user_app_scoped_id": 4075679142658066,
      "category": "active",
      "removed_timestamp": 0
    }
  ]
}