{
  "recognized_devices_v2": [
    {
      "name": "Facebook for iPhone",
      "created_timestamp": 1420347042,
      "updated_timestamp": 1441488810,
      "ip_address": "128.189.170.67",
      "user_agent": "Mozilla/5.0 (iPhone; CPU iPhone OS 8_1_2 like Mac OS X) AppleWebKit/600.1.4 (KHTML, like Gecko) Mobile/12B440 [FBAN/FBIOS;FBAV/20.1.0.15.10;FBBV/5758778;FBDV/iPhone5,2;FBMD/iPhone;FBSN/iPhone OS;FBSV/8.1.2;FBSS/2; FBCR/fido;FBID/phone;FBLC/zh_CN;FBOP/5]",
      "datr_cookie": "lsao********************"
    },
    {
      "name": "Facebook for iPhone",
      "created_timestamp": 1375593362,
      "updated_timestamp": 1418286563,
      "ip_address": "75.156.48.56",
      "user_agent": "Mozilla/5.0 (iPhone; CPU iPhone OS 6_1_4 like Mac OS X) AppleWebKit/536.26 (KHTML, like Gecko) Mobile/10B350 [FBAN/FBIOS;FBAV/6.3;FBBV/257209;FBDV/iPhone5,2;FBMD/iPhone;FBSN/iPhone OS;FBSV/6.1.4;FBSS/2; FBCR/fido;FBID/phone;FBLC/zh_CN;FBOP/1]",
      "datr_cookie": "keP9********************"
    },
    {
      "name": "Facebook for iPad",
      "created_timestamp": 1409812408,
      "ip_address": "128.189.170.67",
      "user_agent": "Mozilla/5.0 (iPad; CPU OS 7_1_2 like Mac OS X) AppleWebKit/537.51.2 (KHTML, like Gecko) Mobile/11D257 [FBAN/FBIOS;FBAV/14.0.0.25.26;FBBV/4017285;FBDV/iPad2,7;FBMD/iPad;FBSN/iPhone OS;FBSV/7.1.2;FBSS/1; FBCR/;FBID/tablet;FBLC/en_US;FBOP/1]",
      "datr_cookie": "rgcI********************"
    }
  ]
}