{
  "datr_stats_v2": {
    "RLgj********************": [
      1674217256,
      1674217255,
      1674197714,
      1674049415,
      1673961220,
      1673839301,
      1673839300,
      1673582072,
      1673442798,
      1673335753,
      1673236993,
      1672824982,
      1672626368,
      1672576831,
      1672576830,
      1672285613,
      1672237051,
      1672211254,
      1672197453,
      1672143533,
      1672050430,
      1672047186,
      1671943555,
      1671860617,
      1671856295,
      1671776525,
      1671636426,
      1671498313,
      1671373919,
      1671198511,
      1671198510,
      1671198460,
      1671095656,
      1670983110,
      1670894611,
      1670665798,
      1670253015,
      1670253014,
      1670119322,
      1669825447,
      1669698631,
      1669513402,
      1669194312,
      1669009427,
      1668871155,
      1668657401,
      1668507989,
      1668318520,
      1666403355,
      1663935935,
      1670207923,
      1670207832
    ],
    "A-i4********************": [
      1674034688,
      1673062404,
      1673062406
    ],
    "8cUn********************": [
      1671860591,
      1670990966,
      1670671987,
      1669523560,
      1669437132,
      1668683559,
      1663550964
    ],
    "vyK6********************": [
      1668952087,
      1663058025
    ],
    "rD8g********************": [
      1663062739,
      1663057845,
      1663057845
    ],
    "3Kce********************": [
      1662953454,
      1662953454
    ],
    "_itJ********************": [
      1661132961,
      1659662551,
      1658563583,
      1658517569,
      1658348406,
      1656840014,
      1656620390,
      1656276310,
      1656191735,
      1655499758,
      1655322142,
      1649177121,
      1649177120,
      1648962561
    ],
    "x9Di********************": [
      1659031761
    ],
    "k8Hh********************": [
      1658962334
    ],
    "cI4h********************": [
      1657227392,
      1657005767,
      1645331150,
      1627960053,
      1621743427,
      1620353403,
      1614245529,
      1612419288,
      1621743593,
      1616638583
    ],
    "1tOJ********************": [
      1647683113,
      1644909193,
      1644188623,
      1642831823,
      1638252387,
      1636422632
    ],
    "sKX8********************": [
      1643947584
    ],
    "Dt71********************": [
      1643503202,
      1643503129,
      1643503200,
      1643503197,
      1643503129
    ],
    "fFHf********************": [
      1642616401
    ],
    "Uw3V********************": [
      1641352540
    ],
    "mzjB********************": [
      1640052899
    ],
    "-d-d********************": [
      1637736447
    ],
    "w3KT********************": [
      1637053127
    ],
    "SZaE********************": [
      1636079223
    ],
    "h_m9********************": [
      1635923056,
      1627274702,
      1626762784,
      1626601370,
      1625547200,
      1624490735,
      1615265986
    ],
    "_V21********************": [
      1633715790
    ],
    "U_Nf********************": [
      1628145696
    ],
    "NkXl********************": [
      1625638213
    ],
    "IsPT********************": [
      1624490787,
      1624490788
    ],
    "MCvR********************": [
      1624320864
    ],
    "CFfB********************": [
      1623283486
    ],
    "NJWw********************": [
      1622185269,
      1622185270
    ],
    "KZWw********************": [
      1622185258,
      1622185259
    ],
    "jE2v********************": [
      1622101452,
      1622101451,
      1622101439
    ],
    "EZik********************": [
      1621399569,
      1621399570
    ],
    "8ceQ********************": [
      1620101106,
      1620101109
    ],
    "qKt7********************": [
      1618717738
    ],
    "c2dn********************": [
      1617511006
    ],
    "n-xf********************": [
      1615954931
    ],
    "Jwc7********************": [
      1614481279
    ],
    "98f0********************": [
      1609877500
    ],
    "b1Hl********************": [
      1608864129
    ],
    "ez2r********************": [
      1605690690
    ],
    "nqKO********************": [
      1603183572,
      1603183514,
      1603183513,
      1603183513
    ],
    "UdJ7********************": [
      1602741284,
      1602658839,
      1602045543
    ],
    "U8t7********************": [
      1601948507
    ],
    "ipxh********************": [
      1600232586
    ],
    "XRVf********************": [
      1600066909
    ],
    "9qce********************": [
      1662953558,
      1662953546
    ],
    "PiWk********************": [
      1654924609
    ],
    "hasd********************": [
      1646111624
    ],
    "4Yqg********************": [
      1637911268
    ],
    "JbI1********************": [
      1630908966
    ],
    "8S15********************": [
      1618554400,
      1618554397
    ],
    "qBH4********************": [
      1615265730,
      1615265715
    ],
    "x60X********************": [
      1578610123
    ],
    "k0WE********************": [
      1571037331,
      1571037330
    ],
    "1w93********************": [
      1568174409,
      1568084292,
      1568084083
    ],
    "njuG********************": [
      1568084200,
      1568083817,
      1534836903
    ],
    "PrCV********************": [
      1524948348,
      1524948342,
      1519982091
    ],
    "qL2K********************": [
      1502264830,
      1502264816,
      1502264748,
      1502264747
    ],
    "RSmG********************": [
      1501964788,
      1501964784,
      1501964618,
      1501964617
    ],
    "zCXC********************": [
      1455564237
    ],
    "qXUq********************": [
      1445720877,
      1445720658
    ],
    "5gsI********************": [
      1409813479
    ],
    "1w7_********************": [
      1405028468,
      1405028418,
      1404771720,
      1404771709,
      1404771677,
      1404771676
    ]
  }
}