{
  "used_ip_address_v2": [
    {
      "ip": "199.101.192.140",
      "action": "Login",
      "timestamp": 1673839300,
      "user_agent": "Mozilla/5.0 (Macintosh; Intel Mac OS X 10_15_7) AppleWebKit/537.36 (KHTML, like Gecko) Chrome/108.0.0.0 Safari/537.36"
    },
    {
      "ip": "191.101.132.21",
      "action": "Login",
      "timestamp": 1673062404,
      "user_agent": "Messenger [FBAN/MessengerDesktop;FBAV/169.0.0.19.103;FBDV/MacBookPro18,3;FBSN/darwin;FBSV/13.0.1;FBSC/arm64;FBLC/en;FBBV/419762135;FBSS/1;FBID/desktop;FBWS/0;MDBeta/0;MDMas/1;MDZeratul/1]"
    },
    {
      "ip": "191.101.132.135",
      "action": "Login",
      "timestamp": 1672576831,
      "user_agent": "Mozilla/5.0 (Macintosh; Intel Mac OS X 10_15_7) AppleWebKit/537.36 (KHTML, like Gecko) Chrome/108.0.0.0 Safari/537.36"
    },
    {
      "ip": "64.64.123.17",
      "action": "Login",
      "timestamp": 1671776525,
      "user_agent": "Mozilla/5.0 (Macintosh; Intel Mac OS X 10_15_7) AppleWebKit/537.36 (KHTML, like Gecko) Chrome/108.0.0.0 Safari/537.36"
    },
    {
      "ip": "191.101.132.129",
      "action": "Login",
      "timestamp": 1671636426,
      "user_agent": "Mozilla/5.0 (Macintosh; Intel Mac OS X 10_15_7) AppleWebKit/537.36 (KHTML, like Gecko) Chrome/108.0.0.0 Safari/537.36"
    },
    {
      "ip": "199.101.192.171",
      "action": "Login",
      "timestamp": 1670253015,
      "user_agent": "Mozilla/5.0 (Macintosh; Intel Mac OS X 10_15_7) AppleWebKit/537.36 (KHTML, like Gecko) Chrome/107.0.0.0 Safari/537.36"
    },
    {
      "ip": "185.192.68.116",
      "action": "Login",
      "timestamp": 1666403355,
      "user_agent": "Mozilla/5.0 (Macintosh; Intel Mac OS X 10_15_7) AppleWebKit/537.36 (KHTML, like Gecko) Chrome/106.0.0.0 Safari/537.36"
    },
    {
      "ip": "199.101.192.202",
      "action": "Login",
      "timestamp": 1663935935,
      "user_agent": "Mozilla/5.0 (Macintosh; Intel Mac OS X 10_15_7) AppleWebKit/537.36 (KHTML, like Gecko) Chrome/105.0.0.0 Safari/537.36"
    },
    {
      "ip": "185.192.68.143",
      "action": "Login",
      "timestamp": 1663062739,
      "user_agent": "Mozilla/5.0 (Macintosh; Intel Mac OS X 10_15_7) AppleWebKit/537.36 (KHTML, like Gecko) Chrome/105.0.0.0 Safari/537.36"
    },
    {
      "ip": "191.101.132.139",
      "action": "Checkpoint completed",
      "timestamp": 1663058025,
      "user_agent": "Mozilla/5.0 (iPhone; CPU iPhone OS 15_6_1 like Mac OS X) AppleWebKit/605.1.15 (KHTML, like Gecko) Version/15.6.1 Mobile/15E148 Safari/604.1"
    },
    {
      "ip": "64.46.30.126",
      "action": "Login",
      "timestamp": 1641352540,
      "user_agent": "Mozilla/5.0 (iPhone; CPU iPhone OS 15_1_1 like Mac OS X) AppleWebKit/605.1.15 (KHTML, like Gecko) Version/15.1 Mobile/15E148 Safari/604.1"
    },
    {
      "ip": "2605:8d80:0404:0881:088c:6b4e:c9c4:36e4",
      "action": "Login",
      "timestamp": 1645331150,
      "user_agent": "Mozilla/5.0 (iPhone; CPU iPhone OS 15_2_1 like Mac OS X) AppleWebKit/605.1.15 (KHTML, like Gecko) Mobile/19C63 [FBAN/FBIOS;FBAV/354.0.0.29.106;FBBV/351086310;FBDV/iPhone13,3;FBMD/iPhone;FBSN/iOS;FBSV/15.2.1;FBSS/3;FBID/phone;FBLC/en_US;FBOP/5;FBRV/0]"
    },
    {
      "ip": "216.208.180.170",
      "action": "Login",
      "timestamp": 1643503202,
      "user_agent": "Mozilla/5.0 (iPhone; CPU iPhone OS 15_2_1 like Mac OS X) AppleWebKit/605.1.15 (KHTML, like Gecko) Mobile/15E148"
    },
    {
      "ip": "2605:8d80:0324:0075:18af:0097:439d:f2ed",
      "action": "Login",
      "timestamp": 1640052899,
      "user_agent": "Mozilla/5.0 (iPhone; CPU iPhone OS 15_1_1 like Mac OS X) AppleWebKit/605.1.15 (KHTML, like Gecko) Version/15.1 Mobile/15E148 Safari/604.1"
    },
    {
      "ip": "2001:0569:7fd8:9d00:f531:6457:9adc:823f",
      "action": "Login",
      "timestamp": 1638252387,
      "user_agent": "Mozilla/5.0 (Macintosh; Intel Mac OS X 10_15_7) AppleWebKit/537.36 (KHTML, like Gecko) Chrome/95.0.4638.69 Safari/537.36"
    },
    {
      "ip": "2001:0569:7fd8:9d00:9d2c:d52f:c0a5:99e5",
      "action": "Login",
      "timestamp": 1637736447,
      "user_agent": "Mozilla/5.0 (Macintosh; Intel Mac OS X 10_15_7) AppleWebKit/605.1.15 (KHTML, like Gecko) Version/15.0 Safari/605.1.15"
    },
    {
      "ip": "50.98.144.203",
      "action": "Login",
      "timestamp": 1633715790,
      "user_agent": "Mozilla/5.0 (Windows NT 10.0; Win64; x64) AppleWebKit/537.36 (KHTML, like Gecko) Chrome/94.0.4606.71 Safari/537.36 Edg/94.0.992.38"
    },
    {
      "ip": "2001:0569:7fd8:9d00:446f:ff0b:1ccb:d340",
      "action": "Login",
      "timestamp": 1636422632,
      "user_agent": "Mozilla/5.0 (Macintosh; Intel Mac OS X 10_15_7) AppleWebKit/537.36 (KHTML, like Gecko) Chrome/95.0.4638.69 Safari/537.36"
    },
    {
      "ip": "2001:0569:7fd8:9d00:a88c:5711:6b88:95e4",
      "action": "Login",
      "timestamp": 1636079223,
      "user_agent": "Mozilla/5.0 (Macintosh; Intel Mac OS X 10_15_7) AppleWebKit/537.36 (KHTML, like Gecko) Chrome/95.0.4638.69 Safari/537.36"
    },
    {
      "ip": "2001:0569:7fd8:9d00:94d3:0c0b:288b:06fd",
      "action": "Login",
      "timestamp": 1635923056,
      "user_agent": "Mozilla/5.0 (Macintosh; Intel Mac OS X 10_15_7) AppleWebKit/537.36 (KHTML, like Gecko) Chrome/95.0.4638.54 Safari/537.36"
    },
    {
      "ip": "2001:0569:7fd8:9d00:3029:9342:f0ac:810f",
      "action": "Login",
      "timestamp": 1628145696,
      "user_agent": "Mozilla/5.0 (iPad; CPU OS 14_6 like Mac OS X) AppleWebKit/605.1.15 (KHTML, like Gecko) Version/14.1.1 Mobile/15E148 Safari/604.1"
    },
    {
      "ip": "2001:0569:7fd8:9d00:98ad:d599:ca5f:66cc",
      "action": "Login",
      "timestamp": 1627960053,
      "user_agent": "Mozilla/5.0 (iPhone; CPU iPhone OS 14_7_1 like Mac OS X) WebKit/8611 (KHTML, like Gecko) Mobile/18G82 [FBAN/FBIOS;FBAV/329.0.0.45.119;FBBV/307086707;FBDV/iPhone13,3;FBMD/iPhone;FBSN/iOS;FBSV/14.7.1;FBSS/3;FBID/phone;FBLC/en_US;FBOP/5;FBRV/0]"
    },
    {
      "ip": "2001:0569:7fda:7f00:094e:f42c:3f59:5130",
      "action": "Login",
      "timestamp": 1627274702,
      "user_agent": "Mozilla/5.0 (Macintosh; Intel Mac OS X 11_4_0) AppleWebKit/537.36 (KHTML, like Gecko) Chrome/87.0.4280.141 Safari/537.36"
    },
    {
      "ip": "2001:0569:7fda:7f00:c82e:9d26:3a47:c703",
      "action": "Login",
      "timestamp": 1626762784,
      "user_agent": "Mozilla/5.0 (Macintosh; Intel Mac OS X 11_4_0) AppleWebKit/537.36 (KHTML, like Gecko) Chrome/87.0.4280.141 Safari/537.36"
    },
    {
      "ip": "172.103.173.216",
      "action": "Login",
      "timestamp": 1626601370,
      "user_agent": "Mozilla/5.0 (Macintosh; Intel Mac OS X 11_4_0) AppleWebKit/537.36 (KHTML, like Gecko) Chrome/87.0.4280.141 Safari/537.36"
    },
    {
      "ip": "2001:0569:7fda:7f00:4d33:d823:aac8:436b",
      "action": "Login",
      "timestamp": 1625638213,
      "user_agent": "Mozilla/5.0 (iPhone; CPU iPhone OS 13_1_2 like Mac OS X) AppleWebKit/605.1.15 (KHTML, like Gecko) Version/13.0.1 Mobile/15E148 Safari/604.1"
    },
    {
      "ip": "2001:0569:7fda:7f00:b132:26d5:f622:ec4f",
      "action": "Login",
      "timestamp": 1625547200,
      "user_agent": "Mozilla/5.0 (Macintosh; Intel Mac OS X 11_4_0) AppleWebKit/537.36 (KHTML, like Gecko) Chrome/87.0.4280.141 Safari/537.36"
    },
    {
      "ip": "2001:0569:7fda:7f00:2446:bb97:c9a7:9d89",
      "action": "Login",
      "timestamp": 1624490735,
      "user_agent": "Mozilla/5.0 (Macintosh; Intel Mac OS X 11_4_0) AppleWebKit/537.36 (KHTML, like Gecko) Chrome/87.0.4280.141 Safari/537.36"
    },
    {
      "ip": "2001:0569:7fda:7f00:5d0d:8066:bbc9:1a7e",
      "action": "Login",
      "timestamp": 1624320864,
      "user_agent": "Mozilla/5.0 (iPhone; CPU iPhone OS 14_6 like Mac OS X) AppleWebKit/605.1.15 (KHTML, like Gecko) Mobile/15E148 Instagram 192.0.0.37.119 (iPhone13,3; iOS 14_6; en_CA; en-US; scale=3.00; 1170x2532; 298025452)"
    },
    {
      "ip": "2605:8d80:0403:c907:9510:dd16:756b:ae37",
      "action": "Login",
      "timestamp": 1623283486,
      "user_agent": "Mozilla/5.0 (iPhone; CPU iPhone OS 14_6 like Mac OS X) AppleWebKit/605.1.15 (KHTML, like Gecko) Version/14.1.1 Mobile/15E148 Safari/604.1"
    },
    {
      "ip": "2001:0569:7fda:7f00:3859:6295:8f58:c387",
      "action": "Login",
      "timestamp": 1622185258,
      "user_agent": "MessengerDesktop [FBAN/MessengerDesktop;FBAV/97.11.116;FBBV/283133794;FBDV/high;FBSN/darwin;FBSV/10.16.0;FBSS/1;FBID/desktop;FBLC/en_US;FBOP/0;FBWS/0;MDBeta/0;MDMas/1]"
    },
    {
      "ip": "2001:0569:7fda:7f00:fd2b:21b5:9ea7:5444",
      "action": "Password Change",
      "timestamp": 1622101451,
      "user_agent": "Mozilla/5.0 (iPhone; CPU iPhone OS 14_5 like Mac OS X) AppleWebKit/605.1.15 (KHTML, like Gecko) CriOS/90.0.4430.216 Mobile/15E148 Safari/604.1"
    },
    {
      "ip": "2605:8d80:0325:80ed:a936:2c28:5be1:341d",
      "action": "Login",
      "timestamp": 1621743427,
      "user_agent": "Mozilla/5.0 (iPhone; CPU iPhone OS 14_5_1 like Mac OS X) AppleWebKit/605.1.15 (KHTML, like Gecko) Mobile/15E148 [FBAN/FBIOS;FBAV/319.0.0.38.119;FBBV/292363515;FBDV/iPhone13,3;FBMD/iPhone;FBSN/iOS;FBSV/14.5.1;FBSS/3;FBID/phone;FBLC/en_US;FBOP/5;FBRV/0]"
    },
    {
      "ip": "2001:0569:7fda:7f00:14c9:8bfb:8bc7:f0aa",
      "action": "Login",
      "timestamp": 1621399569,
      "user_agent": "MessengerDesktop [FBAN/MessengerDesktop;FBAV/97.11.116;FBBV/283133794;FBDV/high;FBSN/darwin;FBSV/10.16.0;FBSS/1;FBID/desktop;FBLC/en_US;FBOP/0;FBWS/0;MDBeta/0;MDMas/1]"
    },
    {
      "ip": "2001:0569:7fda:7f00:a154:f6b5:e531:d7a8",
      "action": "Login",
      "timestamp": 1620353403,
      "user_agent": "Mozilla/5.0 (iPhone; CPU iPhone OS 14_4_2 like Mac OS X) AppleWebKit/605.1.15 (KHTML, like Gecko) Mobile/15E148 [FBAN/FBIOS;FBAV/317.0.0.32.120;FBBV/288737968;FBDV/iPhone13,3;FBMD/iPhone;FBSN/iOS;FBSV/14.4.2;FBSS/3;FBID/phone;FBLC/en_US;FBOP/5;FBRV/0]"
    },
    {
      "ip": "2001:0569:7fda:7f00:e806:c8fc:cf2e:eca3",
      "action": "Login",
      "timestamp": 1620101106,
      "user_agent": "MessengerDesktop [FBAN/MessengerDesktop;FBAV/97.11.116;FBBV/283133794;FBDV/high;FBSN/darwin;FBSV/10.16.0;FBSS/1;FBID/desktop;FBLC/en_US;FBOP/0;FBWS/0;MDBeta/0;MDMas/1]"
    },
    {
      "ip": "38.34.66.224",
      "action": "Login",
      "timestamp": 1608864129,
      "user_agent": "Mozilla/5.0 (iPhone; CPU iPhone OS 14_2 like Mac OS X) AppleWebKit/605.1.15 (KHTML, like Gecko) CriOS/87.0.4280.77 Mobile/15E148 Safari/604.1"
    },
    {
      "ip": "2605:8d80:0404:f033:3c5f:20c2:38ca:d73e",
      "action": "Login",
      "timestamp": 1617511006,
      "user_agent": "Mozilla/5.0 (iPhone; CPU iPhone OS 14_4 like Mac OS X) AppleWebKit/605.1.15 (KHTML, like Gecko) CriOS/87.0.4280.77 Mobile/15E148 Safari/604.1"
    },
    {
      "ip": "2001:0569:7bc9:f600:fc79:df21:7db0:0a99",
      "action": "Login",
      "timestamp": 1615954931,
      "user_agent": "LightSpeed [FBAN/MessengerLiteForiOS;FBAV/304.0.0.36.119;FBBV/277977129;FBDV/iPad8,1;FBMD/iPad;FBSN/iOS;FBSV/14.4;FBSS/2;FBCR/;FBID/tablet;FBLC/en;FBOP/0]"
    },
    {
      "ip": "2001:0569:7bc9:f600:3176:488c:90ed:8782",
      "action": "Password Change",
      "timestamp": 1615265730,
      "user_agent": "Mozilla/5.0 (iPhone; CPU iPhone OS 14_4 like Mac OS X) AppleWebKit/605.1.15 (KHTML, like Gecko) Mobile/15E148 Instagram 177.0.0.20.117 (iPhone13,3; iOS 14_4; en_CA; en-US; scale=3.00; 1170x2532; 275424340)"
    },
    {
      "ip": "2001:0569:7bc9:f600:9cbd:d200:566c:2c0c",
      "action": "Login",
      "timestamp": 1614481279,
      "user_agent": "Mozilla/5.0 (iPhone; CPU iPhone OS 14_4 like Mac OS X) AppleWebKit/605.1.15 (KHTML, like Gecko) Mobile/15E148"
    },
    {
      "ip": "2001:0569:7bc9:f600:3054:3cd8:60a1:fd4e",
      "action": "Login",
      "timestamp": 1614245529,
      "user_agent": "Mozilla/5.0 (iPhone; CPU iPhone OS 14_4 like Mac OS X) AppleWebKit/605.1.15 (KHTML, like Gecko) Mobile/15E148 [FBAN/FBIOS;FBAV/306.0.0.50.118;FBBV/274038448;FBDV/iPhone13,3;FBMD/iPhone;FBSN/iOS;FBSV/14.4;FBSS/3;FBID/phone;FBLC/en_US;FBOP/5;FBRV/0]"
    },
    {
      "ip": "2001:0569:7bc9:f600:5452:a6f2:05bf:f717",
      "action": "Login",
      "timestamp": 1612419288,
      "user_agent": "LightSpeed [FBAN/MessengerLiteForiOS;FBAV/298.0.0.40.115;FBBV/270994966;FBDV/iPhone13,3;FBMD/iPhone;FBSN/iOS;FBSV/14.4;FBSS/3;FBCR/;FBID/phone;FBLC/en;FBOP/0]"
    },
    {
      "ip": "2001:0569:7bc9:f600:6997:8ce8:8c70:1c38",
      "action": "Login",
      "timestamp": 1609877500,
      "user_agent": "Mozilla/5.0 (iPhone; CPU iPhone OS 14_2 like Mac OS X) AppleWebKit/605.1.15 (KHTML, like Gecko) CriOS/87.0.4280.77 Mobile/15E148 Safari/604.1"
    },
    {
      "ip": "2001:0569:7bc3:9f00:353c:6ebf:9c31:3849",
      "action": "Login",
      "timestamp": 1605690690,
      "user_agent": "Mozilla/5.0 (Macintosh; Intel Mac OS X 11_0_0) AppleWebKit/537.36 (KHTML, like Gecko) Chrome/86.0.4240.198 Safari/537.36"
    },
    {
      "ip": "2001:0569:7bc3:9f00:25f3:545a:0c71:042d",
      "action": "Login",
      "timestamp": 1603183514,
      "user_agent": "Mozilla/5.0 (iPhone; CPU iPhone OS 14_0 like Mac OS X) AppleWebKit/605.1.15 (KHTML, like Gecko) CriOS/86.0.4240.93 Mobile/15E148 Safari/604.1"
    },
    {
      "ip": "2001:0569:7bc3:9f00:dc9f:1085:0918:1852",
      "action": "Login",
      "timestamp": 1602741284,
      "user_agent": "Mozilla/5.0 (Macintosh; Intel Mac OS X 10_15_7) AppleWebKit/537.36 (KHTML, like Gecko) Chrome/86.0.4240.80 Safari/537.36"
    },
    {
      "ip": "2001:0569:7bc3:9f00:a938:1201:995d:a009",
      "action": "Login",
      "timestamp": 1602658839,
      "user_agent": "Mozilla/5.0 (Macintosh; Intel Mac OS X 10_15_7) AppleWebKit/537.36 (KHTML, like Gecko) Chrome/83.0.4103.97 Safari/537.36"
    },
    {
      "ip": "2001:0569:7bc3:9f00:d504:ed10:5563:51ab",
      "action": "Login",
      "timestamp": 1602045543,
      "user_agent": "Mozilla/5.0 (Macintosh; Intel Mac OS X 10_15_7) AppleWebKit/537.36 (KHTML, like Gecko) Chrome/83.0.4103.97 Safari/537.36"
    },
    {
      "ip": "2001:0569:7bc3:9f00:0df9:5476:be09:42b1",
      "action": "Login",
      "timestamp": 1601948507,
      "user_agent": "Mozilla/5.0 (Macintosh; Intel Mac OS X 10_15_7) AppleWebKit/537.36 (KHTML, like Gecko) Chrome/83.0.4103.97 Safari/537.36"
    },
    {
      "ip": "2001:0569:7bc3:9f00:d506:18c4:5253:71e5",
      "action": "Login",
      "timestamp": 1600232586,
      "user_agent": "MessengerDesktop [FBAN/MessengerDesktop;FBAV/63.3.112;FBBV/235400392;FBDV/unset;FBSN/darwin;FBSV/10.15.6;FBSS/1;FBID/desktop;FBLC/en_US;FBOP/0;FBWS/0;MDBeta/0;MDMas/1]"
    },
    {
      "ip": "2001:0569:7bc3:9f00:7166:b995:84c3:898c",
      "action": "Login",
      "timestamp": 1600066909,
      "user_agent": "MessengerDesktop [FBAN/MessengerDesktop;FBAV/63.3.112;FBBV/235400392;FBDV/unset;FBSN/darwin;FBSV/10.15.6;FBSS/1;FBID/desktop;FBLC/en_US;FBOP/0;FBWS/0;MDBeta/0;MDMas/1]"
    },
    {
      "ip": "2001:0569:7bc3:9f00:6869:cd77:b5f8:ac7b",
      "action": "Account de- or re-activated",
      "timestamp": 1568174409,
      "user_agent": "Mozilla/5.0 (Macintosh; Intel Mac OS X 10_14_6) AppleWebKit/537.36 (KHTML, like Gecko) Chrome/76.0.3809.100 Safari/537.36"
    },
    {
      "ip": "2001:0569:7bc3:9f00:a88e:6d0f:ddd5:4587",
      "action": "Account de- or re-activated",
      "timestamp": 1568084083,
      "user_agent": "Mozilla/5.0 (Macintosh; Intel Mac OS X 10_14_6) AppleWebKit/537.36 (KHTML, like Gecko) Chrome/76.0.3809.100 Safari/537.36"
    },
    {
      "ip": "2001:0569:7bc3:9f00:c4b5:f50c:b07e:4354",
      "action": "Account de- or re-activated",
      "timestamp": 1568084200,
      "user_agent": "Mozilla/5.0 (iPhone; CPU iPhone OS 12_4 like Mac OS X) AppleWebKit/605.1.15 (KHTML, like Gecko) Mobile/15E148 [FBAN/FBIOS;FBAV/237.0.0.57.119;FBBV/170644084;FBDV/iPhone9,2;FBMD/iPhone;FBSN/iOS;FBSV/12.4;FBSS/3;FBID/phone;FBLC/en_US;FBOP/5;FBRV/0;FBCR/Freedom Mobile]"
    },
    {
      "ip": "70.79.144.8",
      "action": "Changing Group Admin",
      "timestamp": 1524948342,
      "user_agent": "Mozilla/5.0 (Macintosh; Intel Mac OS X 10_13_4) AppleWebKit/537.36 (KHTML, like Gecko) Chrome/66.0.3359.139 Safari/537.36"
    },
    {
      "ip": "128.189.170.138",
      "action": "Email change",
      "timestamp": 1445720658,
      "user_agent": "Mozilla/5.0 (Macintosh; Intel Mac OS X 10_10_5) AppleWebKit/601.2.7 (KHTML, like Gecko) Version/9.0.1 Safari/601.2.7"
    },
    {
      "ip": "140.254.77.228",
      "action": "Changing Group Admin",
      "timestamp": 1455564237,
      "user_agent": "Mozilla/5.0 (iPhone; CPU iPhone OS 9_2_1 like Mac OS X) AppleWebKit/601.1.46 (KHTML, like Gecko) Mobile/13D15 [FBAN/FBIOS;FBAV/48.0.0.64.162;FBBV/21316239;FBDV/iPhone8,1;FBMD/iPhone;FBSN/iPhone OS;FBSV/9.2.1;FBSS/2; FBCR/fido;FBID/phone;FBLC/en_US;FBOP/5]"
    },
    {
      "ip": "128.189.170.67",
      "action": "Remove Profile Photo",
      "timestamp": 1409813479,
      "user_agent": "Mozilla/5.0 (iPad; CPU OS 7_1_2 like Mac OS X) AppleWebKit/537.51.2 (KHTML, like Gecko) Mobile/11D257 [FBAN/FBIOS;FBAV/14.0.0.25.26;FBBV/4017285;FBDV/iPad2,7;FBMD/iPad;FBSN/iPhone OS;FBSV/7.1.2;FBSS/1; FBCR/;FBID/tablet;FBLC/en_US;FBOP/1]"
    },
    {
      "ip": "128.189.75.8",
      "action": "Native Name Change",
      "timestamp": 1405028468,
      "user_agent": "Mozilla/5.0 (Macintosh; Intel Mac OS X 10_9_3) AppleWebKit/537.76.4 (KHTML, like Gecko) Version/7.0.4 Safari/537.76.4"
    },
    {
      "ip": "128.189.75.31",
      "action": "Name Change",
      "timestamp": 1404771676,
      "user_agent": "Mozilla/5.0 (Macintosh; Intel Mac OS X 10_9_3) AppleWebKit/537.76.4 (KHTML, like Gecko) Version/7.0.4 Safari/537.76.4"
    },
    {
      "ip": "128.189.243.163",
      "action": "Remove Profile Photo",
      "timestamp": 1401671639,
      "user_agent": "Mozilla/5.0 (iPhone; CPU iPhone OS 7_1_1 like Mac OS X) AppleWebKit/537.51.2 (KHTML, like Gecko) Mobile/11D201 [FBAN/FBIOS;FBAV/10.0.0.26.21;FBBV/2441354;FBDV/iPhone5,2;FBMD/iPhone;FBSN/iPhone OS;FBSV/7.1.1;FBSS/2; FBCR/fido;FBID/phone;FBLC/zh_CN;FBOP/5]"
    },
    {
      "ip": "128.189.170.21",
      "action": "Remove Profile Photo",
      "timestamp": 1400557387,
      "user_agent": "Mozilla/5.0 (iPhone; CPU iPhone OS 7_1 like Mac OS X) AppleWebKit/537.51.2 (KHTML, like Gecko) Mobile/11D167 [FBAN/FBIOS;FBAV/10.0.0.26.21;FBBV/2441354;FBDV/iPhone5,2;FBMD/iPhone;FBSN/iPhone OS;FBSV/7.1;FBSS/2; FBCR/fido;FBID/phone;FBLC/zh_CN;FBOP/5]"
    },
    {
      "ip": "128.189.144.228",
      "action": "Remove Profile Photo",
      "timestamp": 1386915522,
      "user_agent": ""
    },
    {
      "ip": "128.189.144.108",
      "action": "Remove Profile Photo",
      "timestamp": 1394699416,
      "user_agent": "Mozilla/5.0 (iPhone; CPU iPhone OS 7_1 like Mac OS X) AppleWebKit/537.51.2 (KHTML, like Gecko) Mobile/11D167 [FBAN/FBIOS;FBAV/7.0.0.17.1;FBBV/1325030;FBDV/iPhone5,2;FBMD/iPhone;FBSN/iPhone OS;FBSV/7.1;FBSS/2; FBCR/fido;FBID/phone;FBLC/zh_CN;FBOP/5]"
    },
    {
      "ip": "64.141.7.66",
      "action": "Remove Profile Photo",
      "timestamp": 1392696437,
      "user_agent": ""
    },
    {
      "ip": "128.189.240.16",
      "action": "Remove Profile Photo",
      "timestamp": 1390167414,
      "user_agent": ""
    },
    {
      "ip": "108.180.82.248",
      "action": "Remove Profile Photo",
      "timestamp": 1388865505,
      "user_agent": ""
    },
    {
      "ip": "174.6.128.44",
      "action": "Remove Profile Photo",
      "timestamp": 1388196599,
      "user_agent": ""
    },
    {
      "ip": "128.189.244.83",
      "action": "Remove Profile Photo",
      "timestamp": 1386140419,
      "user_agent": ""
    },
    {
      "ip": "128.189.244.166",
      "action": "Remove Profile Photo",
      "timestamp": 1384542761,
      "user_agent": ""
    },
    {
      "ip": "128.189.246.134",
      "action": "Remove Profile Photo",
      "timestamp": 1384328693,
      "user_agent": ""
    },
    {
      "ip": "128.189.245.249",
      "action": "Remove Profile Photo",
      "timestamp": 1382599559,
      "user_agent": ""
    },
    {
      "ip": "128.189.232.136",
      "action": "Remove Profile Photo",
      "timestamp": 1381125274,
      "user_agent": ""
    },
    {
      "ip": "128.189.241.63",
      "action": "Remove Profile Photo",
      "timestamp": 1379293055,
      "user_agent": ""
    },
    {
      "ip": "206.87.110.223",
      "action": "Email change",
      "timestamp": 1378836568,
      "user_agent": ""
    },
    {
      "ip": "75.157.216.182",
      "action": "Remove Profile Photo",
      "timestamp": 1377560311,
      "user_agent": ""
    },
    {
      "ip": "75.156.48.56",
      "action": "Add Phone Number",
      "timestamp": 1375593359,
      "user_agent": ""
    }
  ]
}