{
  "login_protection_data_v2": [
    {
      "name": "Cookie: A-i4********************",
      "session": {
        "created_timestamp": 1674034688
      }
    },
    {
      "name": "IP Address: 194.5.48.45",
      "session": {
        "created_timestamp": 1662520700,
        "updated_timestamp": 1674034688,
        "ip_address": "194.5.48.45"
      }
    },
    {
      "name": "Estimated location inferred from IP 35.656, 139.696",
      "session": {
        "created_timestamp": 1662520700,
        "updated_timestamp": 1674034688,
        "ip_address": "194.5.48.45"
      }
    },
    {
      "name": "Estimated location inferred from IP -23.536, -46.632",
      "session": {
        "created_timestamp": 1663058023,
        "updated_timestamp": 1673062403
      }
    },
    {
      "name": "IP Address: 191.101.132.139",
      "session": {
        "created_timestamp": 1663058023,
        "updated_timestamp": 1673062403,
        "ip_address": "191.101.132.139"
      }
    },
    {
      "name": "Estimated location inferred from IP 51.52, -0.136",
      "session": {
        "created_timestamp": 1662953544,
        "updated_timestamp": 1671860591,
        "ip_address": "185.192.68.100"
      }
    },
    {
      "name": "IP Address: 185.192.68.100",
      "session": {
        "created_timestamp": 1662953544,
        "updated_timestamp": 1671860591,
        "ip_address": "185.192.68.100"
      }
    },
    {
      "name": "Cookie: 8cUn********************",
      "session": {
        "created_timestamp": 1663859109,
        "updated_timestamp": 1671860591
      }
    },
    {
      "name": "Estimated location inferred from IP 34.032, -118.264",
      "session": {
        "created_timestamp": 1663514177,
        "updated_timestamp": 1666260933
      }
    },
    {
      "name": "IP Address: 199.101.192.107",
      "session": {
        "created_timestamp": 1662551495,
        "updated_timestamp": 1666260933,
        "ip_address": "199.101.192.107"
      }
    },
    {
      "name": "IP Address: 64.64.123.22",
      "session": {
        "created_timestamp": 1666240681,
        "ip_address": "64.64.123.22"
      }
    },
    {
      "name": "Cookie: RLgj********************",
      "session": {
        "created_timestamp": 1663285319
      }
    },
    {
      "name": "Estimated location inferred from IP 32.76, -96.816",
      "session": {
        "created_timestamp": 1663138009
      }
    },
    {
      "name": "Cookie: cI4h********************",
      "session": {
        "created_timestamp": 1562480240,
        "updated_timestamp": 1663138009,
        "ip_address": "70.79.149.131"
      }
    },
    {
      "name": "Cookie: rD8g********************",
      "session": {
        "created_timestamp": 1663062737
      }
    },
    {
      "name": "Cookie: vyK6********************",
      "session": {
        "created_timestamp": 1656365765,
        "updated_timestamp": 1663058023
      }
    },
    {
      "name": "Cookie: 3Kce********************",
      "session": {
        "created_timestamp": 1662953561
      }
    },
    {
      "name": "Cookie: 9qce********************",
      "session": {
        "created_timestamp": 1662953544,
        "ip_address": "185.192.68.100"
      }
    },
    {
      "name": "Estimated location inferred from IP 26.912, 75.8",
      "session": {
        "created_timestamp": 1662551495
      }
    },
    {
      "name": "Cookie: _itJ********************",
      "session": {
        "created_timestamp": 1648962559,
        "updated_timestamp": 1662551495
      }
    },
    {
      "name": "Estimated location inferred from IP 49.24, -123.096",
      "session": {
        "created_timestamp": 1375593361,
        "updated_timestamp": 1662107397
      }
    },
    {
      "name": "IP Address: 71.19.252.148",
      "session": {
        "created_timestamp": 1662107397,
        "ip_address": "71.19.252.148"
      }
    },
    {
      "name": "Estimated location inferred from IP 49.104, -122.656",
      "session": {
        "created_timestamp": 1625976441,
        "updated_timestamp": 1661993126
      }
    },
    {
      "name": "IP Address: 2605:8d80:400:671f:14d7:4587:2c2e:a4cd",
      "session": {
        "created_timestamp": 1563926874,
        "updated_timestamp": 1661993126,
        "ip_address": "2605:8d80:400:671f:14d7:4587:2c2e:a4cd"
      }
    },
    {
      "name": "Cookie: PiWk********************",
      "session": {
        "created_timestamp": 1655013681,
        "updated_timestamp": 1661893558
      }
    },
    {
      "name": "IP Address: 99.199.65.45",
      "session": {
        "created_timestamp": 1629242198,
        "updated_timestamp": 1661819439,
        "ip_address": "99.199.65.45"
      }
    },
    {
      "name": "IP Address: 108.180.94.152",
      "session": {
        "created_timestamp": 1645933539,
        "updated_timestamp": 1661543716,
        "ip_address": "108.180.94.152"
      }
    },
    {
      "name": "IP Address: 2605:8d80:402:3a3a:3cb9:780d:d1cd:218f",
      "session": {
        "created_timestamp": 1567548185,
        "updated_timestamp": 1661469456,
        "ip_address": "2605:8d80:402:3a3a:3cb9:780d:d1cd:218f"
      }
    },
    {
      "name": "IP Address: 64.46.30.126",
      "session": {
        "created_timestamp": 1640594667,
        "updated_timestamp": 1661229330,
        "ip_address": "64.46.30.126"
      }
    },
    {
      "name": "Estimated location inferred from IP 49.504, -96.728",
      "session": {
        "created_timestamp": 1661149459
      }
    },
    {
      "name": "IP Address: 2605:8d80:325:6138:3859:b2e0:6901:b063",
      "session": {
        "created_timestamp": 1616018412,
        "updated_timestamp": 1661149459,
        "ip_address": "2605:8d80:325:6138:3859:b2e0:6901:b063"
      }
    },
    {
      "name": "IP Address: 2605:8d80:404:a6dc:d8ba:d1f2:ba19:5d22",
      "session": {
        "created_timestamp": 1563067856,
        "updated_timestamp": 1660956063,
        "ip_address": "2605:8d80:404:a6dc:d8ba:d1f2:ba19:5d22"
      }
    },
    {
      "name": "Estimated location inferred from IP 43.656, -79.416",
      "session": {
        "created_timestamp": 1602807712,
        "updated_timestamp": 1660770260,
        "ip_address": "72.143.201.86"
      }
    },
    {
      "name": "IP Address: 216.73.162.44",
      "session": {
        "created_timestamp": 1660770260,
        "ip_address": "216.73.162.44"
      }
    },
    {
      "name": "IP Address: 2605:8d80:403:7777:f4d5:c9fe:fa1a:9744",
      "session": {
        "created_timestamp": 1532361400,
        "updated_timestamp": 1660534777,
        "ip_address": "2605:8d80:403:7777:f4d5:c9fe:fa1a:9744"
      }
    },
    {
      "name": "IP Address: 2605:8d80:401:9ea0:b470:7674:66c4:75c0",
      "session": {
        "created_timestamp": 1531959477,
        "updated_timestamp": 1660176394,
        "ip_address": "2605:8d80:401:9ea0:b470:7674:66c4:75c0"
      }
    },
    {
      "name": "Estimated location inferred from IP 49.768, -119.752",
      "session": {
        "created_timestamp": 1633406979,
        "updated_timestamp": 1659762588
      }
    },
    {
      "name": "IP Address: 24.70.120.41",
      "session": {
        "created_timestamp": 1659762588,
        "ip_address": "24.70.120.41"
      }
    },
    {
      "name": "Estimated location inferred from IP 49.064, -122.48",
      "session": {
        "created_timestamp": 1659757953
      }
    },
    {
      "name": "Cookie: x9Di********************",
      "session": {
        "created_timestamp": 1659031761
      }
    },
    {
      "name": "Cookie: k8Hh********************",
      "session": {
        "created_timestamp": 1658962333
      }
    },
    {
      "name": "Estimated location inferred from IP 49.152, -123.184",
      "session": {
        "created_timestamp": 1537685590,
        "updated_timestamp": 1658900745,
        "ip_address": "70.79.149.131"
      }
    },
    {
      "name": "Cookie: zwvf********************",
      "session": {
        "created_timestamp": 1658784748
      }
    },
    {
      "name": "Cookie: 1SfG********************",
      "session": {
        "created_timestamp": 1657153530,
        "updated_timestamp": 1658140818
      }
    },
    {
      "name": "IP Address: 2605:8d80:426:69c2:5122:3815:dfcd:83ef",
      "session": {
        "created_timestamp": 1657738765,
        "ip_address": "2605:8d80:426:69c2:5122:3815:dfcd:83ef"
      }
    },
    {
      "name": "IP Address: 2605:8d80:406:bfe9:b40c:5f78:9719:2ddd",
      "session": {
        "created_timestamp": 1563571943,
        "updated_timestamp": 1656464941,
        "ip_address": "2605:8d80:406:bfe9:b40c:5f78:9719:2ddd"
      }
    },
    {
      "name": "Estimated location inferred from IP 49.192, -122.832",
      "session": {
        "created_timestamp": 1508179062,
        "updated_timestamp": 1656058134
      }
    },
    {
      "name": "IP Address: 206.108.25.202",
      "session": {
        "created_timestamp": 1653797314,
        "updated_timestamp": 1654732807,
        "ip_address": "206.108.25.202"
      }
    },
    {
      "name": "IP Address: 2605:8d80:324:826d:4d3:f291:39a0:6b82",
      "session": {
        "created_timestamp": 1615361190,
        "updated_timestamp": 1654230105,
        "ip_address": "2605:8d80:324:826d:4d3:f291:39a0:6b82"
      }
    },
    {
      "name": "Cookie: hasd********************",
      "session": {
        "created_timestamp": 1646372453,
        "updated_timestamp": 1653811833
      }
    },
    {
      "name": "Cookie: _V21********************",
      "session": {
        "created_timestamp": 1633715789,
        "updated_timestamp": 1653432922
      }
    },
    {
      "name": "Cookie: U4vX********************",
      "session": {
        "created_timestamp": 1641515862,
        "updated_timestamp": 1652042095
      }
    },
    {
      "name": "Estimated location inferred from IP 49.328, -123.184",
      "session": {
        "created_timestamp": 1643503196,
        "updated_timestamp": 1649610127,
        "ip_address": "216.208.180.170"
      }
    },
    {
      "name": "Cookie: 1tOJ********************",
      "session": {
        "created_timestamp": 1636422631,
        "updated_timestamp": 1648510134
      }
    },
    {
      "name": "Cookie: 4Yqg********************",
      "session": {
        "created_timestamp": 1638253217,
        "updated_timestamp": 1645958359
      }
    },
    {
      "name": "Cookie: VS_z********************",
      "session": {
        "created_timestamp": 1632330083,
        "updated_timestamp": 1645900901
      }
    },
    {
      "name": "Cookie: fFHf********************",
      "session": {
        "created_timestamp": 1642616401,
        "updated_timestamp": 1645044244
      }
    },
    {
      "name": "Cookie: sKX8********************",
      "session": {
        "created_timestamp": 1643947582
      }
    },
    {
      "name": "IP Address: 2605:8d80:420:a6f7:fd34:aaf4:8599:fa0",
      "session": {
        "created_timestamp": 1566681126,
        "updated_timestamp": 1643508889,
        "ip_address": "2605:8d80:420:a6f7:fd34:aaf4:8599:fa0"
      }
    },
    {
      "name": "Estimated location inferred from IP 49.896, -97.168",
      "session": {
        "created_timestamp": 1578601565,
        "updated_timestamp": 1643508889,
        "ip_address": "2605:8d80:402:a9d6:119e:8aa2:8a14:2e93"
      }
    },
    {
      "name": "Cookie: pO71********************",
      "session": {
        "created_timestamp": 1643507377
      }
    },
    {
      "name": "Cookie: Dt71********************",
      "session": {
        "created_timestamp": 1643503196,
        "ip_address": "216.208.180.170"
      }
    },
    {
      "name": "IP Address: 216.208.180.170",
      "session": {
        "created_timestamp": 1643503196,
        "ip_address": "216.208.180.170"
      }
    },
    {
      "name": "IP Address: 2605:8d80:405:8c8e:b192:37e2:5677:daaf",
      "session": {
        "created_timestamp": 1529621590,
        "updated_timestamp": 1643407401,
        "ip_address": "2605:8d80:405:8c8e:b192:37e2:5677:daaf"
      }
    },
    {
      "name": "IP Address: 50.98.144.203",
      "session": {
        "created_timestamp": 1616201891,
        "updated_timestamp": 1642287143,
        "ip_address": "50.98.144.203"
      }
    },
    {
      "name": "Cookie: mzjB********************",
      "session": {
        "created_timestamp": 1640052898,
        "updated_timestamp": 1642287143
      }
    },
    {
      "name": "Cookie: Uw3V********************",
      "session": {
        "created_timestamp": 1641352538
      }
    },
    {
      "name": "Cookie: d07J********************",
      "session": {
        "created_timestamp": 1640582818
      }
    },
    {
      "name": "IP Address: 108.180.95.134",
      "session": {
        "created_timestamp": 1638681676,
        "updated_timestamp": 1640419555,
        "ip_address": "108.180.95.134"
      }
    },
    {
      "name": "Estimated location inferred from IP 51.04, -114.04",
      "session": {
        "created_timestamp": 1527987716,
        "updated_timestamp": 1640283649,
        "ip_address": "2605:8d80:4a3:3a81:58b7:9e78:8e78:fddd"
      }
    },
    {
      "name": "IP Address: 2001:569:7fd8:9d00:f543:2089:320:db41",
      "session": {
        "created_timestamp": 1627405018,
        "updated_timestamp": 1640234725,
        "ip_address": "2001:569:7fd8:9d00:f543:2089:320:db41"
      }
    },
    {
      "name": "Estimated location inferred from IP 49.896, -119.488",
      "session": {
        "created_timestamp": 1639019252,
        "updated_timestamp": 1639871589,
        "ip_address": "208.181.106.163"
      }
    },
    {
      "name": "Estimated location inferred from IP 50.688, -120.368",
      "session": {
        "created_timestamp": 1607649387,
        "updated_timestamp": 1639544583,
        "ip_address": "2605:8d80:401:1ff6:d9b6:46d:628b:5593"
      }
    },
    {
      "name": "Estimated location inferred from IP 48.36, -123.712",
      "session": {
        "created_timestamp": 1639380876
      }
    },
    {
      "name": "IP Address: 208.181.106.163",
      "session": {
        "created_timestamp": 1639019252,
        "ip_address": "208.181.106.163"
      }
    },
    {
      "name": "Estimated location inferred from IP 53.544, -113.512",
      "session": {
        "created_timestamp": 1580097584,
        "updated_timestamp": 1638422092,
        "ip_address": "2605:8d80:425:507b:405f:ec7a:4629:571e"
      }
    },
    {
      "name": "Cookie: -d-d********************",
      "session": {
        "created_timestamp": 1637736446
      }
    },
    {
      "name": "IP Address: 172.103.173.199",
      "session": {
        "created_timestamp": 1621800611,
        "updated_timestamp": 1637450877,
        "ip_address": "172.103.173.199"
      }
    },
    {
      "name": "Cookie: w3KT********************",
      "session": {
        "created_timestamp": 1637053126
      }
    },
    {
      "name": "Cookie: SZaE********************",
      "session": {
        "created_timestamp": 1636079221
      }
    },
    {
      "name": "Cookie: JbI1********************",
      "session": {
        "created_timestamp": 1632610297,
        "updated_timestamp": 1635916604
      }
    },
    {
      "name": "IP Address: 216.235.7.132",
      "session": {
        "created_timestamp": 1635640831,
        "ip_address": "216.235.7.132"
      }
    },
    {
      "name": "Cookie: h_m9********************",
      "session": {
        "created_timestamp": 1606285710,
        "updated_timestamp": 1635640831,
        "ip_address": "2001:569:7bc3:9f00:547e:6228:6453:5aad"
      }
    },
    {
      "name": "Estimated location inferred from IP 48.448, -123.36",
      "session": {
        "created_timestamp": 1544399339,
        "updated_timestamp": 1635395955,
        "ip_address": "2605:8d80:403:bdd6:edbd:735a:1048:1ec8"
      }
    }
  ]
}