{
  "account_accesses_v2": [
    {
      "action": "Log out",
      "timestamp": 1674217256,
      "site": "www.facebook.com",
      "ip_address": "199.101.192.106"
    },
    {
      "action": "Log out",
      "timestamp": 1674049415,
      "site": "www.facebook.com",
      "ip_address": "194.5.48.197"
    },
    {
      "action": "Log out",
      "timestamp": 1674048053,
      "site": "www.facebook.com",
      "ip_address": "194.5.48.74"
    },
    {
      "action": "Login",
      "timestamp": 1673839301,
      "site": "www.facebook.com",
      "ip_address": "199.101.192.140"
    },
    {
      "action": "Log out",
      "timestamp": 1673839301,
      "site": "www.facebook.com",
      "ip_address": "199.101.192.140"
    },
    {
      "action": "Login",
      "timestamp": 1673839300,
      "site": "www.facebook.com",
      "ip_address": "199.101.192.140"
    },
    {
      "action": "Login",
      "timestamp": 1673062404,
      "site": "www.facebook.com",
      "ip_address": "191.101.132.21"
    },
    {
      "action": "Login",
      "timestamp": 1672576831,
      "site": "www.facebook.com",
      "ip_address": "191.101.132.135"
    },
    {
      "action": "Login",
      "timestamp": 1671776525,
      "site": "www.facebook.com",
      "ip_address": "64.64.123.17"
    },
    {
      "action": "Login",
      "timestamp": 1671636426,
      "site": "www.facebook.com",
      "ip_address": "191.101.132.129"
    },
    {
      "action": "Log out",
      "timestamp": 1671198510,
      "site": "www.facebook.com",
      "ip_address": "191.101.132.128"
    },
    {
      "action": "Log out",
      "timestamp": 1671198503,
      "site": "www.facebook.com",
      "ip_address": "191.101.132.128"
    },
    {
      "action": "Login",
      "timestamp": 1670253015,
      "site": "www.facebook.com",
      "ip_address": "199.101.192.171"
    },
    {
      "action": "Login",
      "timestamp": 1666403355,
      "site": "www.facebook.com",
      "ip_address": "185.192.68.116"
    },
    {
      "action": "Login",
      "timestamp": 1663935935,
      "site": "www.facebook.com",
      "ip_address": "199.101.192.202"
    },
    {
      "action": "Log out",
      "timestamp": 1663550962,
      "site": "www.facebook.com",
      "ip_address": "199.101.192.45"
    },
    {
      "action": "Log out",
      "timestamp": 1663285320,
      "site": "www.facebook.com",
      "ip_address": "191.101.132.4"
    },
    {
      "action": "Login",
      "timestamp": 1663062739,
      "site": "www.facebook.com",
      "ip_address": "185.192.68.143"
    },
    {
      "action": "Login",
      "timestamp": 1663057845,
      "site": "www.facebook.com",
      "ip_address": "191.101.132.6"
    },
    {
      "action": "Log out",
      "timestamp": 1662953734,
      "site": "www.facebook.com",
      "ip_address": "185.192.68.100"
    },
    {
      "action": "Log out",
      "timestamp": 1662953563,
      "site": "www.facebook.com",
      "ip_address": "185.192.68.100"
    },
    {
      "action": "Login",
      "timestamp": 1662953454,
      "site": "www.facebook.com",
      "ip_address": "185.192.68.100"
    },
    {
      "action": "Login",
      "timestamp": 1661132961,
      "site": "www.facebook.com",
      "ip_address": "64.46.30.126"
    },
    {
      "action": "Login",
      "timestamp": 1659662551,
      "site": "www.facebook.com",
      "ip_address": "64.46.30.126"
    },
    {
      "action": "Login",
      "timestamp": 1659031761,
      "site": "www.facebook.com",
      "ip_address": "64.46.30.126"
    },
    {
      "action": "Login",
      "timestamp": 1658962334,
      "site": "www.facebook.com",
      "ip_address": "64.46.30.126"
    },
    {
      "action": "Log out",
      "timestamp": 1658784748,
      "site": "www.facebook.com",
      "ip_address": "64.46.30.126"
    },
    {
      "action": "Login",
      "timestamp": 1658563583,
      "site": "www.facebook.com",
      "ip_address": "64.46.30.126"
    },
    {
      "action": "Login",
      "timestamp": 1658517569,
      "site": "www.facebook.com",
      "ip_address": "64.46.30.126"
    },
    {
      "action": "Login",
      "timestamp": 1658348406,
      "site": "www.facebook.com",
      "ip_address": "64.46.30.126"
    },
    {
      "action": "Log out",
      "timestamp": 1657669546,
      "site": "www.facebook.com",
      "ip_address": "64.46.30.126"
    },
    {
      "action": "Login",
      "timestamp": 1657227392,
      "site": "www.facebook.com",
      "ip_address": "64.46.30.126"
    },
    {
      "action": "Log out",
      "timestamp": 1657153531,
      "site": "m.facebook.com",
      "ip_address": "2605:8d80:325:c473:ad15:76dd:1818:c0b5"
    },
    {
      "action": "Login",
      "timestamp": 1657005767,
      "site": "www.facebook.com",
      "ip_address": "64.46.30.126"
    },
    {
      "action": "Login",
      "timestamp": 1656840014,
      "site": "www.facebook.com",
      "ip_address": "64.46.30.126"
    },
    {
      "action": "Login",
      "timestamp": 1656620390,
      "site": "www.facebook.com",
      "ip_address": "64.46.30.126"
    },
    {
      "action": "Log out",
      "timestamp": 1656464942,
      "site": "www.facebook.com",
      "ip_address": "2605:8d80:406:919b:1007:1bad:12ef:9378"
    },
    {
      "action": "Log out",
      "timestamp": 1656365766,
      "site": "m.facebook.com",
      "ip_address": "64.46.30.126"
    },
    {
      "action": "Login",
      "timestamp": 1656276310,
      "site": "www.facebook.com",
      "ip_address": "64.46.30.126"
    },
    {
      "action": "Login",
      "timestamp": 1656191735,
      "site": "www.facebook.com",
      "ip_address": "64.46.30.126"
    },
    {
      "action": "Login",
      "timestamp": 1655499758,
      "site": "www.facebook.com",
      "ip_address": "64.46.30.126"
    },
    {
      "action": "Login",
      "timestamp": 1655322142,
      "site": "www.facebook.com",
      "ip_address": "64.46.30.126"
    },
    {
      "action": "Log out",
      "timestamp": 1654924609,
      "site": "www.facebook.com",
      "ip_address": "64.46.30.126"
    },
    {
      "action": "Log out",
      "timestamp": 1652680364,
      "site": "www.facebook.com",
      "ip_address": "64.46.30.126"
    },
    {
      "action": "Log out",
      "timestamp": 1650518370,
      "site": "www.facebook.com",
      "ip_address": "64.46.30.126"
    },
    {
      "action": "Login",
      "timestamp": 1649177121,
      "site": "www.facebook.com",
      "ip_address": "64.46.30.126"
    },
    {
      "action": "Login",
      "timestamp": 1649177120,
      "site": "www.facebook.com",
      "ip_address": "64.46.30.126"
    },
    {
      "action": "Login",
      "timestamp": 1648962561,
      "site": "www.facebook.com",
      "ip_address": "64.46.30.126"
    },
    {
      "action": "Login",
      "timestamp": 1647683113,
      "site": "www.facebook.com",
      "ip_address": "64.46.30.126"
    },
    {
      "action": "Log out",
      "timestamp": 1647498041,
      "site": "www.facebook.com",
      "ip_address": "64.46.30.126"
    },
    {
      "action": "Log out",
      "timestamp": 1646111623,
      "site": "www.facebook.com",
      "ip_address": "64.46.30.126"
    },
    {
      "action": "Log out",
      "timestamp": 1645557359,
      "site": "www.facebook.com",
      "ip_address": "64.46.30.126"
    },
    {
      "action": "Login",
      "timestamp": 1645331150,
      "site": "www.facebook.com",
      "ip_address": "2605:8d80:404:881:88c:6b4e:c9c4:36e4"
    },
    {
      "action": "Log out",
      "timestamp": 1644989518,
      "site": "www.facebook.com",
      "ip_address": "64.46.30.126"
    },
    {
      "action": "Log out",
      "timestamp": 1644964179,
      "site": "www.facebook.com",
      "ip_address": "64.46.30.126"
    },
    {
      "action": "Login",
      "timestamp": 1644909193,
      "site": "www.facebook.com",
      "ip_address": "64.46.30.126"
    },
    {
      "action": "Login",
      "timestamp": 1644188623,
      "site": "www.facebook.com",
      "ip_address": "64.46.30.126"
    },
    {
      "action": "Login",
      "timestamp": 1643947584,
      "site": "www.facebook.com",
      "ip_address": "64.46.30.126"
    },
    {
      "action": "Log out",
      "timestamp": 1643507377,
      "site": "m.facebook.com",
      "ip_address": "216.208.180.170"
    },
    {
      "action": "Login",
      "timestamp": 1643503202,
      "site": "m.facebook.com",
      "ip_address": "216.208.180.170"
    },
    {
      "action": "Login",
      "timestamp": 1643503129,
      "site": "www.facebook.com",
      "ip_address": "216.208.180.170"
    },
    {
      "action": "Login",
      "timestamp": 1642831823,
      "site": "www.facebook.com",
      "ip_address": "64.46.30.126"
    },
    {
      "action": "Login",
      "timestamp": 1642616401,
      "site": "www.facebook.com",
      "ip_address": "64.46.30.126"
    },
    {
      "action": "Log out",
      "timestamp": 1641515863,
      "site": "m.facebook.com",
      "ip_address": "64.46.30.126"
    },
    {
      "action": "Login",
      "timestamp": 1641352540,
      "site": "m.facebook.com",
      "ip_address": "64.46.30.126"
    },
    {
      "action": "Log out",
      "timestamp": 1640582819,
      "site": "m.facebook.com",
      "ip_address": "2605:8d80:401:cb89:880:6257:df39:dd07"
    },
    {
      "action": "Login",
      "timestamp": 1640052899,
      "site": "m.facebook.com",
      "ip_address": "2605:8d80:324:75:18af:97:439d:f2ed"
    },
    {
      "action": "Login",
      "timestamp": 1638252387,
      "site": "www.facebook.com",
      "ip_address": "2001:569:7fd8:9d00:f531:6457:9adc:823f"
    },
    {
      "action": "Log out",
      "timestamp": 1637911267,
      "site": "www.facebook.com",
      "ip_address": "2001:569:7fd8:9d00:748c:d6b9:f468:81a0"
    },
    {
      "action": "Login",
      "timestamp": 1637736447,
      "site": "www.facebook.com",
      "ip_address": "2001:569:7fd8:9d00:9d2c:d52f:c0a5:99e5"
    },
    {
      "action": "Login",
      "timestamp": 1637053127,
      "site": "www.facebook.com",
      "ip_address": "50.98.144.203"
    },
    {
      "action": "Login",
      "timestamp": 1636422632,
      "site": "www.facebook.com",
      "ip_address": "2001:569:7fd8:9d00:446f:ff0b:1ccb:d340"
    },
    {
      "action": "Login",
      "timestamp": 1636079223,
      "site": "www.facebook.com",
      "ip_address": "2001:569:7fd8:9d00:a88c:5711:6b88:95e4"
    },
    {
      "action": "Login",
      "timestamp": 1635923056,
      "site": "www.facebook.com",
      "ip_address": "2001:569:7fd8:9d00:94d3:c0b:288b:6fd"
    },
    {
      "action": "Login",
      "timestamp": 1633715790,
      "site": "www.facebook.com",
      "ip_address": "50.98.144.203"
    },
    {
      "action": "Log out",
      "timestamp": 1630908966,
      "site": "www.facebook.com",
      "ip_address": "172.103.173.216"
    },
    {
      "action": "Login",
      "timestamp": 1628145696,
      "site": "www.facebook.com",
      "ip_address": "2001:569:7fd8:9d00:3029:9342:f0ac:810f"
    },
    {
      "action": "Login",
      "timestamp": 1627960053,
      "site": "www.facebook.com",
      "ip_address": "2001:569:7fd8:9d00:98ad:d599:ca5f:66cc"
    },
    {
      "action": "Log out",
      "timestamp": 1627597906,
      "site": "m.facebook.com",
      "ip_address": "2001:569:7fd8:9d00:fdbc:8276:910a:830f"
    },
    {
      "action": "Login",
      "timestamp": 1627274702,
      "site": "www.facebook.com",
      "ip_address": "2001:569:7fda:7f00:94e:f42c:3f59:5130"
    },
    {
      "action": "Log out",
      "timestamp": 1626762814,
      "site": "www.facebook.com",
      "ip_address": "2001:569:7fda:7f00:c82e:9d26:3a47:c703"
    },
    {
      "action": "Login",
      "timestamp": 1626762784,
      "site": "www.facebook.com",
      "ip_address": "2001:569:7fda:7f00:c82e:9d26:3a47:c703"
    },
    {
      "action": "Log out",
      "timestamp": 1626762774,
      "site": "www.facebook.com",
      "ip_address": "2001:569:7fda:7f00:c82e:9d26:3a47:c703"
    },
    {
      "action": "Login",
      "timestamp": 1626601370,
      "site": "www.facebook.com",
      "ip_address": "172.103.173.216"
    },
    {
      "action": "Log out",
      "timestamp": 1626550110,
      "site": "www.facebook.com",
      "ip_address": "2605:8d80:405:fc7e:25d0:e98e:b815:6889"
    },
    {
      "action": "Log out",
      "timestamp": 1626550108,
      "site": "www.facebook.com",
      "ip_address": "2605:8d80:405:fc7e:25d0:e98e:b815:6889"
    },
    {
      "action": "Log out",
      "timestamp": 1626550094,
      "site": "m.facebook.com",
      "ip_address": "2605:8d80:405:fc7e:25d0:e98e:b815:6889"
    },
    {
      "action": "Login",
      "timestamp": 1625638213,
      "site": "www.facebook.com",
      "ip_address": "2001:569:7fda:7f00:4d33:d823:aac8:436b"
    },
    {
      "action": "Login",
      "timestamp": 1625547200,
      "site": "www.facebook.com",
      "ip_address": "2001:569:7fda:7f00:b132:26d5:f622:ec4f"
    },
    {
      "action": "Login",
      "timestamp": 1624490787,
      "site": "www.facebook.com",
      "ip_address": "2001:569:7fda:7f00:2446:bb97:c9a7:9d89"
    },
    {
      "action": "Login",
      "timestamp": 1624490735,
      "site": "www.facebook.com",
      "ip_address": "2001:569:7fda:7f00:2446:bb97:c9a7:9d89"
    },
    {
      "action": "Login",
      "timestamp": 1624320864,
      "site": "m.facebook.com",
      "ip_address": "2001:569:7fda:7f00:5d0d:8066:bbc9:1a7e"
    },
    {
      "action": "Login",
      "timestamp": 1623283486,
      "site": "m.facebook.com",
      "ip_address": "2605:8d80:403:c907:9510:dd16:756b:ae37"
    },
    {
      "action": "Login",
      "timestamp": 1622185269,
      "site": "www.facebook.com",
      "ip_address": "2001:569:7fda:7f00:3859:6295:8f58:c387"
    },
    {
      "action": "Login",
      "timestamp": 1622185258,
      "site": "www.facebook.com",
      "ip_address": "2001:569:7fda:7f00:3859:6295:8f58:c387"
    },
    {
      "action": "Login",
      "timestamp": 1622101452,
      "site": "m.facebook.com",
      "ip_address": "2001:569:7fda:7f00:fd2b:21b5:9ea7:5444"
    },
    {
      "action": "Login",
      "timestamp": 1621743427,
      "site": "www.facebook.com",
      "ip_address": "2605:8d80:325:80ed:a936:2c28:5be1:341d"
    },
    {
      "action": "Login",
      "timestamp": 1621399569,
      "site": "www.facebook.com",
      "ip_address": "2001:569:7fda:7f00:14c9:8bfb:8bc7:f0aa"
    },
    {
      "action": "Login",
      "timestamp": 1620353403,
      "site": "www.facebook.com",
      "ip_address": "2001:569:7fda:7f00:a154:f6b5:e531:d7a8"
    },
    {
      "action": "Login",
      "timestamp": 1620101106,
      "site": "www.facebook.com",
      "ip_address": "2001:569:7fda:7f00:e806:c8fc:cf2e:eca3"
    },
    {
      "action": "Login",
      "timestamp": 1618717738,
      "site": "www.facebook.com",
      "ip_address": "38.34.66.224"
    },
    {
      "action": "Log out",
      "timestamp": 1618554400,
      "site": "m.facebook.com",
      "ip_address": "2001:569:7bc9:f600:4c7d:2e0b:bce7:1e98"
    },
    {
      "action": "Login",
      "timestamp": 1617511006,
      "site": "m.facebook.com",
      "ip_address": "2605:8d80:404:f033:3c5f:20c2:38ca:d73e"
    },
    {
      "action": "Log out",
      "timestamp": 1616979929,
      "site": "m.facebook.com",
      "ip_address": "38.34.66.224"
    },
    {
      "action": "Log out",
      "timestamp": 1616720865,
      "site": "m.facebook.com",
      "ip_address": "2605:8d80:402:2a88:a9d2:3929:c37c:2eb"
    },
    {
      "action": "Log out",
      "timestamp": 1616697912,
      "site": "m.facebook.com",
      "ip_address": "2001:569:7bc9:f600:5df6:b764:5b98:3fba"
    },
    {
      "action": "Log out",
      "timestamp": 1616697911,
      "site": "m.facebook.com",
      "ip_address": "2001:569:7bc9:f600:5df6:b764:5b98:3fba"
    },
    {
      "action": "Log out",
      "timestamp": 1616645653,
      "site": "m.facebook.com",
      "ip_address": "2001:569:7bc9:f600:28f5:4d6b:1e9c:eba9"
    },
    {
      "action": "Log out",
      "timestamp": 1616636911,
      "site": "www.facebook.com",
      "ip_address": "2001:569:7bc9:f600:49b:c4e7:622:2ebd"
    },
    {
      "action": "Login",
      "timestamp": 1615954931,
      "site": "www.facebook.com",
      "ip_address": "2001:569:7bc9:f600:fc79:df21:7db0:a99"
    },
    {
      "action": "Log out",
      "timestamp": 1615265731,
      "site": "m.facebook.com",
      "ip_address": "2001:569:7bc9:f600:3176:488c:90ed:8782"
    },
    {
      "action": "Log out",
      "timestamp": 1615265552,
      "site": "www.facebook.com",
      "ip_address": "2001:569:7bc9:f600:3176:488c:90ed:8782"
    },
    {
      "action": "Log out",
      "timestamp": 1614646254,
      "site": "m.facebook.com",
      "ip_address": "2605:8d80:405:216:7932:4b97:d8be:d50d"
    },
    {
      "action": "Log out",
      "timestamp": 1614481280,
      "site": "m.facebook.com",
      "ip_address": "2001:569:7bc9:f600:9cbd:d200:566c:2c0c"
    },
    {
      "action": "Login",
      "timestamp": 1614481279,
      "site": "www.facebook.com",
      "ip_address": "2001:569:7bc9:f600:9cbd:d200:566c:2c0c"
    },
    {
      "action": "Log out",
      "timestamp": 1614247276,
      "site": "m.facebook.com",
      "ip_address": "2001:569:7bc9:f600:3054:3cd8:60a1:fd4e"
    },
    {
      "action": "Login",
      "timestamp": 1614245529,
      "site": "www.facebook.com",
      "ip_address": "2001:569:7bc9:f600:3054:3cd8:60a1:fd4e"
    },
    {
      "action": "Log out",
      "timestamp": 1614242632,
      "site": "m.facebook.com",
      "ip_address": "2001:569:7bc9:f600:3054:3cd8:60a1:fd4e"
    },
    {
      "action": "Login",
      "timestamp": 1612419288,
      "site": "www.facebook.com",
      "ip_address": "2001:569:7bc9:f600:5452:a6f2:5bf:f717"
    },
    {
      "action": "Log out",
      "timestamp": 1610703064,
      "site": "m.facebook.com",
      "ip_address": "2001:569:7bc9:f600:744f:3145:7f16:acf7"
    },
    {
      "action": "Log out",
      "timestamp": 1610092504,
      "site": "m.facebook.com",
      "ip_address": "2001:569:7bc9:f600:6593:a798:ffe0:f00f"
    },
    {
      "action": "Login",
      "timestamp": 1609877500,
      "site": "m.facebook.com",
      "ip_address": "2001:569:7bc9:f600:6997:8ce8:8c70:1c38"
    },
    {
      "action": "Login",
      "timestamp": 1608864129,
      "site": "m.facebook.com",
      "ip_address": "38.34.66.224"
    },
    {
      "action": "Log out",
      "timestamp": 1608631269,
      "site": "m.facebook.com",
      "ip_address": "2605:8d80:400:1a56:d1d6:1638:bf08:47e8"
    },
    {
      "action": "Log out",
      "timestamp": 1607755072,
      "site": "www.facebook.com",
      "ip_address": "66.183.246.140"
    },
    {
      "action": "Log out",
      "timestamp": 1607478207,
      "site": "m.facebook.com",
      "ip_address": "66.183.246.140"
    },
    {
      "action": "Log out",
      "timestamp": 1607453808,
      "site": "www.facebook.com",
      "ip_address": "2001:569:7bc9:f600:810c:6483:cdad:29b7"
    },
    {
      "action": "Log out",
      "timestamp": 1606651768,
      "site": "m.facebook.com",
      "ip_address": "38.34.66.224"
    },
    {
      "action": "Log out",
      "timestamp": 1606285711,
      "site": "www.facebook.com",
      "ip_address": "2001:569:7bc3:9f00:547e:6228:6453:5aad"
    },
    {
      "action": "Log out",
      "timestamp": 1605907863,
      "site": "m.facebook.com",
      "ip_address": "2001:569:7bc3:9f00:74cc:e36d:aedd:1a61"
    },
    {
      "action": "Log out",
      "timestamp": 1605806440,
      "site": "m.facebook.com",
      "ip_address": "2001:569:7bc3:9f00:ada8:6fc4:c467:a703"
    },
    {
      "action": "Login",
      "timestamp": 1605690690,
      "site": "www.facebook.com",
      "ip_address": "2001:569:7bc3:9f00:353c:6ebf:9c31:3849"
    },
    {
      "action": "Log out",
      "timestamp": 1605556428,
      "site": "m.facebook.com",
      "ip_address": "2001:569:7bc3:9f00:49bb:1938:d961:613"
    },
    {
      "action": "Log out",
      "timestamp": 1605236828,
      "site": "m.facebook.com",
      "ip_address": "2001:569:7bc3:9f00:595f:84ed:cd5e:388d"
    },
    {
      "action": "Log out",
      "timestamp": 1605188021,
      "site": "m.facebook.com",
      "ip_address": "2001:569:7bc3:9f00:1453:161c:7830:bcea"
    },
    {
      "action": "Log out",
      "timestamp": 1605057930,
      "site": "www.facebook.com",
      "ip_address": "2001:569:7bc3:9f00:e5c9:8186:3fc2:5fa5"
    },
    {
      "action": "Log out",
      "timestamp": 1604748816,
      "site": "m.facebook.com",
      "ip_address": "2605:8d80:405:5797:151b:78d4:32ca:f84"
    },
    {
      "action": "Log out",
      "timestamp": 1604645456,
      "site": "m.facebook.com",
      "ip_address": "2001:569:7bc3:9f00:54f8:8bea:319e:f355"
    },
    {
      "action": "Log out",
      "timestamp": 1604207724,
      "site": "m.facebook.com",
      "ip_address": "38.34.66.224"
    },
    {
      "action": "Log out",
      "timestamp": 1604013800,
      "site": "www.facebook.com",
      "ip_address": "2001:569:7bc3:9f00:39c3:3528:982f:f586"
    },
    {
      "action": "Log out",
      "timestamp": 1603990227,
      "site": "m.facebook.com",
      "ip_address": "38.34.66.224"
    },
    {
      "action": "Log out",
      "timestamp": 1603839694,
      "site": "m.facebook.com",
      "ip_address": "2001:569:7bc3:9f00:6486:bfaf:f824:4633"
    },
    {
      "action": "Log out",
      "timestamp": 1603686172,
      "site": "www.facebook.com",
      "ip_address": "2001:569:7bc3:9f00:a8b4:ae44:f4ef:4f79"
    },
    {
      "action": "Log out",
      "timestamp": 1603351650,
      "site": "m.facebook.com",
      "ip_address": "2001:569:7bc3:9f00:5d4f:62fa:eed1:8622"
    },
    {
      "action": "Log out",
      "timestamp": 1603310801,
      "site": "www.facebook.com",
      "ip_address": "2001:569:7bc3:9f00:a0da:6069:3dbc:6a29"
    },
    {
      "action": "Log out",
      "timestamp": 1603194830,
      "site": "m.facebook.com",
      "ip_address": "66.183.246.140"
    },
    {
      "action": "Log out",
      "timestamp": 1603194469,
      "site": "m.facebook.com",
      "ip_address": "2001:569:7bc3:9f00:25f3:545a:c71:42d"
    },
    {
      "action": "Log out",
      "timestamp": 1603186800,
      "site": "m.facebook.com",
      "ip_address": "2001:569:7bc3:9f00:25f3:545a:c71:42d"
    },
    {
      "action": "Login",
      "timestamp": 1603183572,
      "site": "m.facebook.com",
      "ip_address": "2001:569:7bc3:9f00:25f3:545a:c71:42d"
    },
    {
      "action": "Log out",
      "timestamp": 1603183544,
      "site": "m.facebook.com",
      "ip_address": "2001:569:7bc3:9f00:25f3:545a:c71:42d"
    },
    {
      "action": "Login",
      "timestamp": 1603183514,
      "site": "m.facebook.com",
      "ip_address": "2001:569:7bc3:9f00:25f3:545a:c71:42d"
    },
    {
      "action": "Log out",
      "timestamp": 1603129927,
      "site": "m.facebook.com",
      "ip_address": "2605:8d80:602:3a6d:812b:f059:39a7:e40"
    },
    {
      "action": "Log out",
      "timestamp": 1602979861,
      "site": "www.facebook.com",
      "ip_address": "172.103.159.142"
    },
    {
      "action": "Login",
      "timestamp": 1602741284,
      "site": "www.facebook.com",
      "ip_address": "2001:569:7bc3:9f00:dc9f:1085:918:1852"
    },
    {
      "action": "Log out",
      "timestamp": 1602737164,
      "site": "www.facebook.com",
      "ip_address": "2001:569:7bc3:9f00:dc9f:1085:918:1852"
    },
    {
      "action": "Log out",
      "timestamp": 1602671064,
      "site": "www.facebook.com",
      "ip_address": "2001:569:7bc3:9f00:a938:1201:995d:a009"
    },
    {
      "action": "Login",
      "timestamp": 1602658839,
      "site": "www.facebook.com",
      "ip_address": "2001:569:7bc3:9f00:a938:1201:995d:a009"
    },
    {
      "action": "Log out",
      "timestamp": 1602571187,
      "site": "www.facebook.com",
      "ip_address": "2001:569:7bc3:9f00:c1c2:26bd:68c3:1da"
    },
    {
      "action": "Login",
      "timestamp": 1602045543,
      "site": "www.facebook.com",
      "ip_address": "2001:569:7bc3:9f00:d504:ed10:5563:51ab"
    },
    {
      "action": "Log out",
      "timestamp": 1602031076,
      "site": "www.facebook.com",
      "ip_address": "2001:569:7bc3:9f00:df9:5476:be09:42b1"
    },
    {
      "action": "Log out",
      "timestamp": 1601950428,
      "site": "m.facebook.com",
      "ip_address": "2001:569:7bc3:9f00:c0e9:871:9b9a:bc67"
    },
    {
      "action": "Log out",
      "timestamp": 1601950350,
      "site": "www.facebook.com",
      "ip_address": "2001:569:7bc3:9f00:df9:5476:be09:42b1"
    },
    {
      "action": "Login",
      "timestamp": 1601948507,
      "site": "www.facebook.com",
      "ip_address": "2001:569:7bc3:9f00:df9:5476:be09:42b1"
    },
    {
      "action": "Log out",
      "timestamp": 1601941138,
      "site": "www.facebook.com",
      "ip_address": "2001:569:7bc3:9f00:df9:5476:be09:42b1"
    },
    {
      "action": "Log out",
      "timestamp": 1601786416,
      "site": "www.facebook.com",
      "ip_address": "172.103.159.142"
    },
    {
      "action": "Log out",
      "timestamp": 1601438290,
      "site": "m.facebook.com",
      "ip_address": "2001:569:7bc3:9f00:bdf8:1365:726a:85da"
    },
    {
      "action": "Log out",
      "timestamp": 1601413359,
      "site": "www.facebook.com",
      "ip_address": "2001:569:7bc3:9f00:9cf6:72ed:7f33:8b37"
    },
    {
      "action": "Log out",
      "timestamp": 1601105577,
      "site": "m.facebook.com",
      "ip_address": "172.103.159.142"
    },
    {
      "action": "Log out",
      "timestamp": 1600838314,
      "site": "m.facebook.com",
      "ip_address": "172.103.159.142"
    },
    {
      "action": "Log out",
      "timestamp": 1600838313,
      "site": "m.facebook.com",
      "ip_address": "172.103.159.142"
    },
    {
      "action": "Log out",
      "timestamp": 1600745137,
      "site": "m.facebook.com",
      "ip_address": "2001:569:7bc3:9f00:28b4:9d15:477f:18b9"
    },
    {
      "action": "Log out",
      "timestamp": 1600311649,
      "site": "m.facebook.com",
      "ip_address": "2001:569:7bc3:9f00:f992:7ca0:8f88:5ce0"
    },
    {
      "action": "Log out",
      "timestamp": 1600239189,
      "site": "www.facebook.com",
      "ip_address": "2001:569:7bc3:9f00:d506:18c4:5253:71e5"
    },
    {
      "action": "Login",
      "timestamp": 1600232586,
      "site": "www.facebook.com",
      "ip_address": "2001:569:7bc3:9f00:d506:18c4:5253:71e5"
    },
    {
      "action": "Log out",
      "timestamp": 1600212504,
      "site": "www.facebook.com",
      "ip_address": "2001:569:7bc3:9f00:d506:18c4:5253:71e5"
    },
    {
      "action": "Log out",
      "timestamp": 1600125248,
      "site": "m.facebook.com",
      "ip_address": "2001:569:7bc3:9f00:1d91:9145:96a6:b796"
    },
    {
      "action": "Login",
      "timestamp": 1600066909,
      "site": "www.facebook.com",
      "ip_address": "2001:569:7bc3:9f00:7166:b995:84c3:898c"
    },
    {
      "action": "Log out",
      "timestamp": 1599801066,
      "site": "www.facebook.com",
      "ip_address": "2001:569:7bc3:9f00:64a7:c237:5dde:114a"
    },
    {
      "action": "Log out",
      "timestamp": 1599760239,
      "site": "m.facebook.com",
      "ip_address": "2001:569:7bc3:9f00:c1e2:cfef:dbd1:385f"
    },
    {
      "action": "Log out",
      "timestamp": 1599706639,
      "site": "www.facebook.com",
      "ip_address": "2001:569:7bc3:9f00:49fa:20d7:2ed0:b0b1"
    },
    {
      "action": "Log out",
      "timestamp": 1599600303,
      "site": "www.facebook.com",
      "ip_address": "2001:569:7bc3:9f00:49fa:20d7:2ed0:b0b1"
    }
  ]
}