{
    "class": "dataset",
        "task": "analogy",
        "language": ["English"],
        "name": "BATS",
        "description": "Bigger Analogy Test Set",
        "domain": "general",
        "date": "2016",
        "source": "original",
        "project_page": "http://vecto.space/projects/BATS",
        "version": "3.0",
        "size": "98,200 analogy questions (2,000 word pairs)",
        "cite":[
          {
            "contribution": "the original dataset",
            "bibtex": {
              "title": "Analogy-based detection of morphological and semantic relations with word embeddings: what works and what doesn't",
              "author": [
                {"name":"Anna Gladkova"},
                {"name":"Aleksandr Drozd"},
                {"name":"Satoshi Matsuoka"}
                        ],
              "doi": "10.18653/v1/N16-2002",
              "url": "https://www.aclweb.org/anthology/N/N16/N16-2002.pdf",
              "booktitle": "Proceedings of the NAACL-HLT SRW",
              "publisher": "ACL",
              "year": 2016,
              "pages": "47-54",
              "type": "inproceedings",
              "id": "GladkovaDrozdEtAl_2016"
            }
          }]
}